n,k_cap_mean,k_cap_sd,radius,simulation_rounds,population_density,replicate,network_density,network_is_connected,network_num_components,network_largest_component_size,network_avg_shortest_path,network_diameter,network_clustering_coef,network_modularity,network_assortativity
5000,50,25.0,1.0,500000,1e-05,0,0.008731666333266653,True,1,5000,2.779378275655131,5,0.09879120428429308,0.5419562273078413,0.08037071212474106
5000,50,25.0,1.0,500000,1e-05,1,0.008720784156831366,True,1,5000,2.776744148829766,5,0.09825965169512775,0.5419741864260086,0.07156119843442421
5000,50,25.0,1.0,500000,1e-05,2,0.008763912782556511,True,1,5000,2.774016643328666,5,0.09853598562580411,0.5382937149640166,0.08193577392964574
5000,50,25.0,1.0,500000,1e-05,3,0.00885137027405481,True,1,5000,2.7678510902180435,4,0.0977755515282391,0.5418777896013269,0.06863624145085352
5000,50,25.0,1.0,500000,1e-05,4,0.008739667933586718,True,1,5000,2.7751675135027005,5,0.09826643711356324,0.5372680824035658,0.07205169513192973
5000,50,25.0,1.0,500000,1e-05,5,0.008817843568713743,True,1,5000,2.7724686537307464,5,0.09928803842568354,0.5384013184501214,0.0790745119740724
5000,50,25.0,1.0,500000,1e-05,6,0.008744148829765952,True,1,5000,2.777885017003401,5,0.09883530472255232,0.539586888621034,0.07606270549963715
5000,50,25.0,1.0,500000,1e-05,7,0.008699579915983196,True,1,5000,2.775749869973995,5,0.09739949631152993,0.5360963285718326,0.06518510857832356
5000,50,25.0,1.0,500000,1e-05,8,0.008768313662732546,True,1,5000,2.7750964592918583,5,0.09873130348568482,0.5419107676759095,0.07361182792319278
5000,50,25.0,1.0,500000,1e-05,9,0.00877119423884777,True,1,5000,2.7736663332666533,5,0.0978863764745692,0.535924428448805,0.0760204217970731
5000,50,25.0,1.0,500000,1e-05,10,0.008818243648729745,True,1,5000,2.7737184236847368,5,0.09950653168487872,0.5368358868133822,0.07017849146332727
5000,50,25.0,1.0,500000,1e-05,11,0.008721744348869773,True,1,5000,2.777289297859572,5,0.09930386827203151,0.5405917046124064,0.06804837933548595
5000,50,25.0,1.0,500000,1e-05,12,0.0088001600320064,True,1,5000,2.771904300860172,4,0.09872878235749466,0.5376031619728443,0.07031241670380613
5000,50,25.0,1.0,500000,1e-05,13,0.008809601920384076,True,1,5000,2.7738910182036407,4,0.09983651476145353,0.5402064107555159,0.07410749526713409
5000,50,25.0,1.0,500000,1e-05,14,0.008853450690138027,True,1,5000,2.768354550910182,5,0.09753109180520506,0.5302531487501329,0.07601027678072576
5000,50,25.0,1.0,500000,1e-05,15,0.008810722144428886,True,1,5000,2.772633406681336,4,0.09835570844495464,0.5430343580656426,0.07730304333376853
5000,50,25.0,1.0,500000,1e-05,16,0.008800560112022404,True,1,5000,2.7710315663132628,5,0.09823770572530523,0.5371902756232847,0.07784614703892066
5000,50,25.0,1.0,500000,1e-05,17,0.008774634926985396,True,1,5000,2.776744628925785,5,0.09960226907669922,0.5386399423021558,0.07290036947712118
5000,50,25.0,1.0,500000,1e-05,18,0.008708141628325665,True,1,5000,2.779683696739348,5,0.09951932311210958,0.5398678943677402,0.07180386371998516
5000,50,25.0,1.0,500000,1e-05,19,0.008766553310662133,True,1,5000,2.7740051210242047,4,0.09716799795644404,0.5412247825481621,0.07543163361402415
5000,50,25.0,1.0,500000,3.1622776601683795e-05,0,0.008804560912182437,True,1,5000,2.775227765553111,5,0.09936229675598823,0.5386621523195044,0.08564625071456343
5000,50,25.0,1.0,500000,3.1622776601683795e-05,1,0.008734146829365873,True,1,5000,2.7777134626925384,5,0.09895436998442333,0.5379603671573044,0.0748824135216562
5000,50,25.0,1.0,500000,3.1622776601683795e-05,2,0.008812162432486498,True,1,5000,2.7716815363072613,5,0.09852606753032332,0.5423385680522237,0.07475607185874629
5000,50,25.0,1.0,500000,3.1622776601683795e-05,3,0.008814162832566513,True,1,5000,2.766973874774955,4,0.09615179745786881,0.534992483192457,0.07299762657676727
5000,50,25.0,1.0,500000,3.1622776601683795e-05,4,0.008769433886777355,True,1,5000,2.774023924784957,4,0.09671274296997422,0.5418007085480416,0.07001788358836623
5000,50,25.0,1.0,500000,3.1622776601683795e-05,5,0.0087626325265053,True,1,5000,2.775219203840768,5,0.09864018702570317,0.5432991668287075,0.07586983226632557
5000,50,25.0,1.0,500000,3.1622776601683795e-05,6,0.008820884176835367,True,1,5000,2.7703903180636127,5,0.09750357079266737,0.5411606726194125,0.06916646609007628
5000,50,25.0,1.0,500000,3.1622776601683795e-05,7,0.008831846369273855,True,1,5000,2.769734426885377,5,0.09726395047801809,0.5308671559081196,0.07662492305524989
5000,50,25.0,1.0,500000,3.1622776601683795e-05,8,0.008822004400880176,True,1,5000,2.774756151230246,4,0.09931124513373583,0.5425761976922818,0.07800411544257232
5000,50,25.0,1.0,500000,3.1622776601683795e-05,9,0.008717343468693739,True,1,5000,2.776597079415883,5,0.09841404068548915,0.5388743695476735,0.07893049314737921
5000,50,25.0,1.0,500000,3.1622776601683795e-05,10,0.008780236047209442,True,1,5000,2.775099419883977,4,0.09807916658036342,0.5396979442776367,0.07837815307968717
5000,50,25.0,1.0,500000,3.1622776601683795e-05,11,0.008895619123824765,True,1,5000,2.768295579115823,5,0.0984977035370344,0.5370701475077002,0.07023006480098065
5000,50,25.0,1.0,500000,3.1622776601683795e-05,12,0.00869357871574315,True,1,5000,2.779326025205041,5,0.0980546199114961,0.5398216381758103,0.07697159706947751
5000,50,25.0,1.0,500000,3.1622776601683795e-05,13,0.00877255451090218,True,1,5000,2.7748480896179237,5,0.09759122434568163,0.5384456389992882,0.07864810080131959
5000,50,25.0,1.0,500000,3.1622776601683795e-05,14,0.008778955791158232,True,1,5000,2.773650330066013,5,0.09824939165926232,0.5385142672093116,0.07333540203965844
5000,50,25.0,1.0,500000,3.1622776601683795e-05,15,0.008743428685737147,True,1,5000,2.774436967393479,5,0.09866247865864856,0.5403588286447765,0.07156739659534236
5000,50,25.0,1.0,500000,3.1622776601683795e-05,16,0.008806961392278457,True,1,5000,2.7733469893978797,5,0.09985300669950321,0.5464864729365009,0.08453925156011785
5000,50,25.0,1.0,500000,3.1622776601683795e-05,17,0.008781116223244649,True,1,5000,2.778096019203841,5,0.10067854112260007,0.5488812388750216,0.08215833775733807
5000,50,25.0,1.0,500000,3.1622776601683795e-05,18,0.00878135627125425,True,1,5000,2.774283976795359,5,0.09795788775561956,0.5394997490869914,0.07655956757897465
5000,50,25.0,1.0,500000,3.1622776601683795e-05,19,0.008771274254850971,True,1,5000,2.770357271454291,4,0.09579230500305409,0.5382279296161933,0.07689330456747902
5000,50,25.0,1.0,500000,0.0001,0,0.008922264452890578,True,1,5000,2.7669166633326667,4,0.09923361036864738,0.5443400914445418,0.08311800015044567
5000,50,25.0,1.0,500000,0.0001,1,0.008773354670934187,True,1,5000,2.7719953590718145,5,0.09708395150486583,0.5339319390219004,0.06757706478334818
5000,50,25.0,1.0,500000,0.0001,2,0.008736227245449089,True,1,5000,2.77547725545109,5,0.09865125323710112,0.5445288467263969,0.07260711858516548
5000,50,25.0,1.0,500000,0.0001,3,0.008790798159631926,True,1,5000,2.769829725945189,4,0.09631005793249996,0.5381228301299767,0.08002343350884611
5000,50,25.0,1.0,500000,0.0001,4,0.00884120824164833,True,1,5000,2.7685905181036206,5,0.09816486254897125,0.5393448375369687,0.06706259633500945
5000,50,25.0,1.0,500000,0.0001,5,0.008745909181836367,True,1,5000,2.7794048409681937,4,0.09964979785150671,0.543400441858087,0.07827570148870262
5000,50,25.0,1.0,500000,0.0001,6,0.008837047409481897,True,1,5000,2.767436527305461,4,0.0973912411938066,0.5238146280818853,0.07472662888020483
5000,50,25.0,1.0,500000,0.0001,7,0.008783596719343869,True,1,5000,2.7767914382876575,5,0.10084297429481359,0.5489250875463827,0.07428585979659162
5000,50,25.0,1.0,500000,0.0001,8,0.008843528705741148,True,1,5000,2.7683120624124826,5,0.09754976844387542,0.5353292215331842,0.07134175533564856
5000,50,25.0,1.0,500000,0.0001,9,0.00884360872174435,True,1,5000,2.7712555311062212,5,0.09864434228982549,0.5398197692551928,0.06819959535153809
5000,50,25.0,1.0,500000,0.0001,10,0.008655331066213242,True,1,5000,2.78200200040008,5,0.09903418136169309,0.5473840226585839,0.07475340037763009
5000,50,25.0,1.0,500000,0.0001,11,0.008746469293858772,True,1,5000,2.7732879375875177,4,0.0970642886176989,0.5344833732433818,0.0673333274871891
5000,50,25.0,1.0,500000,0.0001,12,0.008791438287657532,True,1,5000,2.775853970794159,5,0.1003765267419227,0.5414840927036482,0.07717093354123394
5000,50,25.0,1.0,500000,0.0001,13,0.008765833166633326,True,1,5000,2.7735861572314464,5,0.09623638662831185,0.5382697089786205,0.07844769646920745
5000,50,25.0,1.0,500000,0.0001,14,0.008750630126025205,True,1,5000,2.776232126425285,5,0.09938020215588449,0.5397927861275694,0.07075165845075397
5000,50,25.0,1.0,500000,0.0001,15,0.008860332066413283,True,1,5000,2.767283376675335,5,0.09813996098412961,0.5361231065531598,0.06709821181781343
5000,50,25.0,1.0,500000,0.0001,16,0.008768393678735747,True,1,5000,2.773133426685337,4,0.09683194646239407,0.5427945386342794,0.07147958381857916
5000,50,25.0,1.0,500000,0.0001,17,0.008805761152230446,True,1,5000,2.7719313462692536,5,0.09740009784858664,0.5402170514786039,0.07847101563013907
5000,50,25.0,1.0,500000,0.0001,18,0.0087251050210042,True,1,5000,2.775772594518904,5,0.09665984298667935,0.5352841613061039,0.0823142403822547
5000,50,25.0,1.0,500000,0.0001,19,0.008673494698939788,True,1,5000,2.7798991798359673,5,0.09870255207938818,0.5420344590669608,0.07827668649792338
5000,50,25.0,1.0,500000,0.00031622776601683794,0,0.008812242448489698,True,1,5000,2.7699413482696538,5,0.09679147279055907,0.5368017052315012,0.06865324532907272
5000,50,25.0,1.0,500000,0.00031622776601683794,1,0.008905621124224845,True,1,5000,2.7681345869173835,5,0.09852934276789488,0.5366713206760324,0.08349913057419141
5000,50,25.0,1.0,500000,0.00031622776601683794,2,0.008805361072214442,True,1,5000,2.7722439687937586,4,0.09662878325447188,0.5398646854865864,0.07268301492145939
5000,50,25.0,1.0,500000,0.00031622776601683794,3,0.00884496899379876,True,1,5000,2.7706627725545108,4,0.0978436892943888,0.5390583213649041,0.07917760061297595
5000,50,25.0,1.0,500000,0.00031622776601683794,4,0.008907141428285657,True,1,5000,2.7626877375475094,4,0.09668595194209138,0.5343481614216153,0.07319270531776015
5000,50,25.0,1.0,500000,0.00031622776601683794,5,0.008924184836967393,True,1,5000,2.7643391878375674,4,0.09770475168372836,0.5391686702603434,0.07686559603522532
5000,50,25.0,1.0,500000,0.00031622776601683794,6,0.008845849169833967,True,1,5000,2.7712156031206243,4,0.09731832551813965,0.5347682361358965,0.07949312183296159
5000,50,25.0,1.0,500000,0.00031622776601683794,7,0.008809761952390478,True,1,5000,2.7712180836167235,4,0.09673673045482457,0.5412935477284708,0.07348395780961589
5000,50,25.0,1.0,500000,0.00031622776601683794,8,0.008831926385277055,True,1,5000,2.7703492698539707,4,0.09733792045002984,0.5383099696003042,0.08249383299580937
5000,50,25.0,1.0,500000,0.00031622776601683794,9,0.008825205041008201,True,1,5000,2.7702430886177236,5,0.09750123467670717,0.536341211006767,0.08130503935712505
5000,50,25.0,1.0,500000,0.00031622776601683794,10,0.008800320064012802,True,1,5000,2.7717717143428686,4,0.09707359291559199,0.5390639034215574,0.07491182130160448
5000,50,25.0,1.0,500000,0.00031622776601683794,11,0.008784716943388678,True,1,5000,2.770547469493899,5,0.09586418757369845,0.5285485304478105,0.07347996227602024
5000,50,25.0,1.0,500000,0.00031622776601683794,12,0.008686457291458291,True,1,5000,2.7775658331666335,5,0.09544438197496422,0.5435135623937618,0.0735079596800122
5000,50,25.0,1.0,500000,0.00031622776601683794,13,0.008817843568713743,True,1,5000,2.769818923784757,4,0.09672649978715969,0.5442404249216988,0.07144089091967344
5000,50,25.0,1.0,500000,0.00031622776601683794,14,0.008737987597519504,True,1,5000,2.7767731946389276,4,0.09758437719379011,0.5437444093716272,0.07760518969902999
5000,50,25.0,1.0,500000,0.00031622776601683794,15,0.008905221044208841,True,1,5000,2.7672990598119624,5,0.09812899653800441,0.5397265490952873,0.08113663980463678
5000,50,25.0,1.0,500000,0.00031622776601683794,16,0.008689417883576715,True,1,5000,2.7772270454090817,4,0.09665300087407214,0.5440721904868204,0.07346676538171996
5000,50,25.0,1.0,500000,0.00031622776601683794,17,0.008783676735347069,True,1,5000,2.7733901180236047,4,0.09873984009644576,0.5408007955880332,0.07591349366811771
5000,50,25.0,1.0,500000,0.00031622776601683794,18,0.008836887377475495,True,1,5000,2.7677173834766955,4,0.09535208608946566,0.5324270045894217,0.07803368068752646
5000,50,25.0,1.0,500000,0.00031622776601683794,19,0.00893130626125225,True,1,5000,2.763827965593119,5,0.09730104074479065,0.5361404744871825,0.0859886433298536
5000,50,25.0,1.0,500000,0.001,0,0.008819363872774554,True,1,5000,2.7698087617523504,4,0.0962772092481998,0.5336459617345043,0.07735589795711485
5000,50,25.0,1.0,500000,0.001,1,0.008892658531706342,True,1,5000,2.767066853370674,4,0.09670466630343769,0.5416436257941336,0.08047556967089037
5000,50,25.0,1.0,500000,0.001,2,0.008865853170634127,True,1,5000,2.7649506701340267,4,0.09571283480995194,0.5338409243748549,0.07147173775878214
5000,50,25.0,1.0,500000,0.001,3,0.008779435887177436,True,1,5000,2.772862732546509,4,0.0960526870297464,0.5357480147092264,0.07381030630884337
5000,50,25.0,1.0,500000,0.001,4,0.008956431286257251,True,1,5000,2.76465949189838,4,0.09796289287442254,0.5416002307892418,0.0874053057105561
5000,50,25.0,1.0,500000,0.001,5,0.008858971794358872,True,1,5000,2.768256851370274,4,0.0983378402789548,0.5418126533026291,0.07324428000641903
5000,50,25.0,1.0,500000,0.001,6,0.008896019203840769,True,1,5000,2.763877575515103,4,0.09594406162315024,0.5354189837046383,0.06549602056861838
5000,50,25.0,1.0,500000,0.001,7,0.008796639327865573,True,1,5000,2.769031726345269,5,0.09606644861695082,0.5359294876048177,0.07432953454013666
5000,50,25.0,1.0,500000,0.001,8,0.008844248849769955,True,1,5000,2.768919543908782,4,0.09601121203353961,0.5398750766388893,0.0778580692501519
5000,50,25.0,1.0,500000,0.001,9,0.008890578115623125,True,1,5000,2.766807921584317,5,0.09687816599492774,0.5375279592279317,0.07777818618716174
5000,50,25.0,1.0,500000,0.001,10,0.008888897779555911,True,1,5000,2.764780876175235,4,0.09630016081959365,0.538796444650593,0.08217736970707527
5000,50,25.0,1.0,500000,0.001,11,0.008812002400480096,True,1,5000,2.7701892378475694,4,0.09586174442952979,0.5408944712128619,0.08467331528303236
5000,50,25.0,1.0,500000,0.001,12,0.008806881376275255,True,1,5000,2.771645849169834,4,0.0968194725866921,0.542966408840753,0.07590701678031639
5000,50,25.0,1.0,500000,0.001,13,0.00885737147429486,True,1,5000,2.767551270254051,4,0.0962676690870438,0.5390152707643773,0.07940131565346903
5000,50,25.0,1.0,500000,0.001,14,0.008829365873174636,True,1,5000,2.770708301660332,5,0.09701964886495547,0.543542932621198,0.08172099044227231
5000,50,25.0,1.0,500000,0.001,15,0.008961552310462093,True,1,5000,2.7641971594318866,5,0.09825688657427012,0.5378601472160545,0.071780732064893
5000,50,25.0,1.0,500000,0.001,16,0.008831686337267454,True,1,5000,2.7703123024604923,4,0.09834220327702897,0.5372555106554924,0.07604011916013735
5000,50,25.0,1.0,500000,0.001,17,0.008918503700740148,True,1,5000,2.7629673134626924,4,0.09660495513511874,0.537910702070916,0.07584292338134042
5000,50,25.0,1.0,500000,0.001,18,0.008894658931786358,True,1,5000,2.7664414482896578,4,0.09724305365703624,0.5338592649125469,0.08184341513456896
5000,50,25.0,1.0,500000,0.001,19,0.008873934786957392,True,1,5000,2.767575275055011,4,0.09731736144942842,0.5362132590188357,0.07153702693379861
5000,50,25.0,1.0,500000,0.0031622776601683794,0,0.009007081416283256,True,1,5000,2.759273374674935,4,0.09523242535147178,0.5367744574907043,0.07950895889093022
5000,50,25.0,1.0,500000,0.0031622776601683794,1,0.009037727545509102,True,1,5000,2.7563307861572315,4,0.09502013158715508,0.5314902268343968,0.08237952907189325
5000,50,25.0,1.0,500000,0.0031622776601683794,2,0.008878415683136628,True,1,5000,2.7672580916183236,5,0.09474741884857488,0.5371888563668226,0.07820786413243806
5000,50,25.0,1.0,500000,0.0031622776601683794,3,0.008917863572714542,True,1,5000,2.7660933786757353,5,0.09580658429284099,0.5423967969197234,0.08946186137843365
5000,50,25.0,1.0,500000,0.0031622776601683794,4,0.008982276455291057,True,1,5000,2.758806721344269,4,0.09477278670402398,0.5290168960825685,0.08917527836403326
5000,50,25.0,1.0,500000,0.0031622776601683794,5,0.008970674134826965,True,1,5000,2.760508181636327,4,0.0954828591205723,0.5344828777395048,0.08046525990054457
5000,50,25.0,1.0,500000,0.0031622776601683794,6,0.008944348869773956,True,1,5000,2.761458851770354,4,0.09493204452861609,0.5372749265193068,0.07828780362702444
5000,50,25.0,1.0,500000,0.0031622776601683794,7,0.00884248849769954,True,1,5000,2.7667271854370874,4,0.09340249683059655,0.5359311625075119,0.09045348376528624
5000,50,25.0,1.0,500000,0.0031622776601683794,8,0.008901060212042409,True,1,5000,2.7666418883776753,4,0.0965195188889323,0.5412911686682529,0.08403952677706239
5000,50,25.0,1.0,500000,0.0031622776601683794,9,0.008974114822964592,True,1,5000,2.7595870374074813,4,0.09438090574768279,0.5318673003700207,0.08094357784446425
5000,50,25.0,1.0,500000,0.0031622776601683794,10,0.00884128825765153,True,1,5000,2.7703667133426686,5,0.09494296988033558,0.5404400131448241,0.08703969216584723
5000,50,25.0,1.0,500000,0.0031622776601683794,11,0.008916903380676135,True,1,5000,2.7644724144828965,4,0.09565497158007837,0.5360568397936184,0.07923691849093155
5000,50,25.0,1.0,500000,0.0031622776601683794,12,0.0089125825165033,True,1,5000,2.7650214042808563,4,0.0963203042216392,0.5391806685096897,0.08148532426444094
5000,50,25.0,1.0,500000,0.0031622776601683794,13,0.009004520904180836,True,1,5000,2.760445369073815,4,0.09589559448145252,0.5346094073304057,0.07913053962112856
5000,50,25.0,1.0,500000,0.0031622776601683794,14,0.008892338467693538,True,1,5000,2.7664847369473895,4,0.09520663262317057,0.5408179128051169,0.07774275401265959
5000,50,25.0,1.0,500000,0.0031622776601683794,15,0.008945229045809161,True,1,5000,2.763567673534707,5,0.09559710256411018,0.5421937197015646,0.08190338465766052
5000,50,25.0,1.0,500000,0.0031622776601683794,16,0.008908101620324065,True,1,5000,2.765019723944789,4,0.09505248516118936,0.5352124810788732,0.08408186427094227
5000,50,25.0,1.0,500000,0.0031622776601683794,17,0.008993238647729546,True,1,5000,2.759075815163033,4,0.09525220401515469,0.5358975639593966,0.07848285634869953
5000,50,25.0,1.0,500000,0.0031622776601683794,18,0.008965473094618924,True,1,5000,2.7608703340668135,4,0.0935702710431732,0.5368067756776371,0.08029567688048157
5000,50,25.0,1.0,500000,0.0031622776601683794,19,0.009111342268453691,True,1,5000,2.7542461292258453,4,0.09584607597569651,0.5331759145416791,0.08264877771624436
5000,50,25.0,1.0,500000,0.01,0,0.009054290858171634,True,1,5000,2.7528990598119623,5,0.09233208794246298,0.5294646369495107,0.09546732205408472
5000,50,25.0,1.0,500000,0.01,1,0.00905237047409482,True,1,5000,2.752159951990398,4,0.09212633490059925,0.5283981615033648,0.08984770203786432
5000,50,25.0,1.0,500000,0.01,2,0.009004760952190438,True,1,5000,2.7586530106021203,4,0.09333683427473416,0.5391492107634667,0.08625820302934045
5000,50,25.0,1.0,500000,0.01,3,0.008959071814362873,True,1,5000,2.7592777755551112,4,0.09201677412665502,0.530311656771181,0.09521599947770096
5000,50,25.0,1.0,500000,0.01,4,0.008988357671534306,True,1,5000,2.757865333066613,4,0.09297250395768988,0.5328401183283604,0.09151064595705843
5000,50,25.0,1.0,500000,0.01,5,0.009060532106421285,True,1,5000,2.7542243648729747,4,0.09235437911016921,0.534644598289953,0.08657387369675569
5000,50,25.0,1.0,500000,0.01,6,0.00890386077215443,True,1,5000,2.7638992598519705,4,0.09258469400197161,0.5356381669880125,0.08560523829127696
5000,50,25.0,1.0,500000,0.01,7,0.009021724344868974,True,1,5000,2.7556400080016004,4,0.09191425426186438,0.5316175513179349,0.09783386737650601
5000,50,25.0,1.0,500000,0.01,8,0.009023404680936186,True,1,5000,2.7541577915583115,4,0.09207291371863247,0.5266906111311196,0.08691742140466781
5000,50,25.0,1.0,500000,0.01,9,0.009052610522104421,True,1,5000,2.7524986597319465,4,0.09155517891032956,0.5290992786572022,0.09130647596117437
5000,50,25.0,1.0,500000,0.01,10,0.009021964392878576,True,1,5000,2.75560400080016,4,0.09268808794251712,0.5316547126590703,0.09292585711353114
5000,50,25.0,1.0,500000,0.01,11,0.009015883176635327,True,1,5000,2.7576918583716745,4,0.09403412328087524,0.5341786781335055,0.08717465676936413
5000,50,25.0,1.0,500000,0.01,12,0.008908101620324065,True,1,5000,2.7623343068613724,4,0.09199037491909477,0.5320158784464999,0.09226536053062173
5000,50,25.0,1.0,500000,0.01,13,0.009014522904580916,True,1,5000,2.756360392078416,4,0.0925948853967006,0.5353105964818703,0.09107576322843326
5000,50,25.0,1.0,500000,0.01,14,0.009143908781756352,True,1,5000,2.7487001400280056,4,0.09284997056056216,0.5317587164312428,0.08530455739107877
5000,50,25.0,1.0,500000,0.01,15,0.009035807161432286,True,1,5000,2.7526872574514902,4,0.0916406148464328,0.535062073727427,0.07968150572590833
5000,50,25.0,1.0,500000,0.01,16,0.008993078615723144,True,1,5000,2.7585414682936586,4,0.09228898566894828,0.5329873292505609,0.09084422460575166
5000,50,25.0,1.0,500000,0.01,17,0.00911374274854971,True,1,5000,2.748777595519104,4,0.09168210138642159,0.5248597214197319,0.09204425253119455
5000,50,25.0,1.0,500000,0.01,18,0.009003800760152031,True,1,5000,2.7555290258051612,4,0.09233136430311872,0.5311060876101443,0.08811401033020884
5000,50,25.0,1.0,500000,0.01,19,0.008984356871374275,True,1,5000,2.7589038607721545,4,0.09202505693738383,0.5371321059262801,0.0831681569385716
5000,50,25.0,1.0,500000,0.03162277660168379,0,0.009067173434686937,True,1,5000,2.75140900180036,4,0.08950828172498466,0.5262130282799724,0.10245884450099357
5000,50,25.0,1.0,500000,0.03162277660168379,1,0.009172554510902181,True,1,5000,2.7435267053410684,4,0.08862125067913931,0.5267323160233436,0.09442106633839702
5000,50,25.0,1.0,500000,0.03162277660168379,2,0.00911614322864573,True,1,5000,2.7457923584716943,4,0.08850395938898736,0.5212280301509374,0.09304627788723717
5000,50,25.0,1.0,500000,0.03162277660168379,3,0.00920880176035207,True,1,5000,2.741479415883177,4,0.08780402340812823,0.5208002707859601,0.10055214585305801
5000,50,25.0,1.0,500000,0.03162277660168379,4,0.009230886177235447,True,1,5000,2.7396841768353672,4,0.08703427604339053,0.5208263157380891,0.10312238728499555
5000,50,25.0,1.0,500000,0.03162277660168379,5,0.009156311262252451,True,1,5000,2.7459634326865374,4,0.08900997553565837,0.5270782216632854,0.10235758930670429
5000,50,25.0,1.0,500000,0.03162277660168379,6,0.009267853570714142,True,1,5000,2.7391144628925783,4,0.08848636193262742,0.5261005014514769,0.10072099724230972
5000,50,25.0,1.0,500000,0.03162277660168379,7,0.009208961792358472,True,1,5000,2.7442928585717143,4,0.08921632686260549,0.5323541277299298,0.097794586641514
5000,50,25.0,1.0,500000,0.03162277660168379,8,0.008986037207441488,True,1,5000,2.7506605321064215,4,0.08611565798069203,0.524459733049651,0.0931082202292569
5000,50,25.0,1.0,500000,0.03162277660168379,9,0.009068053610722144,True,1,5000,2.752290298059612,4,0.08875020582279135,0.528421465845783,0.10407001298816532
5000,50,25.0,1.0,500000,0.03162277660168379,10,0.009207281456291258,True,1,5000,2.7423834366873376,4,0.08900674938020377,0.5216736862252033,0.10030691487335346
5000,50,25.0,1.0,500000,0.03162277660168379,11,0.009147989597919584,True,1,5000,2.7452136027205443,4,0.08855379815432642,0.52641062330772,0.09355548061155367
5000,50,25.0,1.0,500000,0.03162277660168379,12,0.00913118623724745,True,1,5000,2.7480345669133825,4,0.08913512878231425,0.5263671375268996,0.09608706642736564
5000,50,25.0,1.0,500000,0.03162277660168379,13,0.009211922384476896,True,1,5000,2.7433039407881576,4,0.08962700107221476,0.5286064195694036,0.09291615280078484
5000,50,25.0,1.0,500000,0.03162277660168379,14,0.009109181836367273,True,1,5000,2.746642528505701,4,0.0883589795468612,0.5193869886428197,0.09784354517795568
5000,50,25.0,1.0,500000,0.03162277660168379,15,0.009158631726345269,True,1,5000,2.744871454290858,4,0.0877074865094341,0.5267034453831313,0.10511552582898619
5000,50,25.0,1.0,500000,0.03162277660168379,16,0.009176955391078215,True,1,5000,2.7426825365073015,4,0.08830383585171368,0.5223589033482806,0.10549418678632148
5000,50,25.0,1.0,500000,0.03162277660168379,17,0.009110782156431286,True,1,5000,2.7493509101820366,4,0.08810636525991217,0.5277583602968734,0.10294365408765373
5000,50,25.0,1.0,500000,0.03162277660168379,18,0.009178315663132626,True,1,5000,2.7445881176235245,4,0.08897865795159927,0.5277612926300609,0.09760393357390323
5000,50,25.0,1.0,500000,0.03162277660168379,19,0.009218963792758552,True,1,5000,2.7430218843768754,4,0.08985517314084776,0.5271208918468759,0.10224959241063984
5000,50,25.0,1.0,500000,0.1,0,0.009261692338467693,True,1,5000,2.7338218843768756,4,0.0818198299821857,0.5182069034402149,0.10245925471424158
5000,50,25.0,1.0,500000,0.1,1,0.00933618723744749,True,1,5000,2.7314559711942388,4,0.08302013101365117,0.5217419981100747,0.09965340050280655
5000,50,25.0,1.0,500000,0.1,2,0.00928121624324865,True,1,5000,2.7322526105221043,4,0.08243511614783544,0.5143540338635696,0.10658413597490972
5000,50,25.0,1.0,500000,0.1,3,0.009208321664332867,True,1,5000,2.7389809161832366,4,0.08251386940436026,0.522403482089937,0.11392365519038464
5000,50,25.0,1.0,500000,0.1,4,0.009217123424684937,True,1,5000,2.73645225045009,4,0.08261489828889426,0.5137521450718329,0.10487463335025286
5000,50,25.0,1.0,500000,0.1,5,0.00922752550510102,True,1,5000,2.7369820364072814,4,0.08222859352758528,0.5186151607228022,0.11124865591817214
5000,50,25.0,1.0,500000,0.1,6,0.009229685937187437,True,1,5000,2.7357701140228046,4,0.08005904379243287,0.5125398507162638,0.11266315946946488
5000,50,25.0,1.0,500000,0.1,7,0.009224004800960191,True,1,5000,2.735374354870974,4,0.08251227267335544,0.5116579322596788,0.10689396516110329
5000,50,25.0,1.0,500000,0.1,8,0.009296739347869573,True,1,5000,2.7318350070014,4,0.08236662928523154,0.519172907542199,0.09889772121974866
5000,50,25.0,1.0,500000,0.1,9,0.00924384876975395,True,1,5000,2.7339443888777755,4,0.08054148876986413,0.5185216153441935,0.11494858241537219
5000,50,25.0,1.0,500000,0.1,10,0.009191518303660733,True,1,5000,2.736371194238848,4,0.08112247750418144,0.5144406598920208,0.10931794761697365
5000,50,25.0,1.0,500000,0.1,11,0.009311142228445689,True,1,5000,2.7308744948989796,4,0.08126440100269856,0.5135179955148806,0.10251713657955444
5000,50,25.0,1.0,500000,0.1,12,0.009142068413682737,True,1,5000,2.7419066213242647,4,0.08155445835693866,0.5171616986819069,0.10998924485372918
5000,50,25.0,1.0,500000,0.1,13,0.009231366273254651,True,1,5000,2.7360330466093217,4,0.0821809875524929,0.5183777224849626,0.10235980780212796
5000,50,25.0,1.0,500000,0.1,14,0.009330266053210643,True,1,5000,2.7324992198439686,4,0.08448928694864315,0.5212538592723464,0.10307376507825662
5000,50,25.0,1.0,500000,0.1,15,0.009225205041008202,True,1,5000,2.7366206841368275,4,0.08199486538120652,0.5123592797331941,0.11218631427559081
5000,50,25.0,1.0,500000,0.1,16,0.009389237847569515,True,1,5000,2.728126345269054,4,0.08325896687671168,0.5162411990784237,0.10193794893710274
5000,50,25.0,1.0,500000,0.1,17,0.009276015203040609,True,1,5000,2.7312792158431685,4,0.08076159791848324,0.51515112814104,0.10742288478807561
5000,50,25.0,1.0,500000,0.1,18,0.00923360672134427,True,1,5000,2.7358442888577716,4,0.08194889102449876,0.5195381169871323,0.11161421854504032
5000,50,25.0,1.0,500000,0.1,19,0.009141988397679535,True,1,5000,2.7414427685537106,4,0.08188794268655682,0.5210051558827471,0.10429281944264367
5000,50,25.0,1.0,500000,0.31622776601683794,0,0.00923504700940188,True,1,5000,2.725343228645729,4,0.07135352795570699,0.49576356021161766,0.11022924428273244
5000,50,25.0,1.0,500000,0.31622776601683794,1,0.009267773554710942,True,1,5000,2.725105901180236,4,0.07249657181156212,0.5047314712300246,0.11210574683733734
5000,50,25.0,1.0,500000,0.31622776601683794,2,0.009414282856571315,True,1,5000,2.716260052010402,4,0.07173484304966818,0.5002242104299455,0.11209397173267713
5000,50,25.0,1.0,500000,0.31622776601683794,3,0.009319383876775354,True,1,5000,2.7200471294258852,4,0.07173361087686633,0.49750786186381674,0.10902410637656654
5000,50,25.0,1.0,500000,0.31622776601683794,4,0.009361072214442889,True,1,5000,2.720033606721344,4,0.0712286787957983,0.5040037973910084,0.11856259296216859
5000,50,25.0,1.0,500000,0.31622776601683794,5,0.009282576515303061,True,1,5000,2.7243235847169434,4,0.07280938924953578,0.5022980906213316,0.10453864212746404
5000,50,25.0,1.0,500000,0.31622776601683794,6,0.009383876775355071,True,1,5000,2.7198543708741747,4,0.07358693052494598,0.5083733694528195,0.10416930089714221
5000,50,25.0,1.0,500000,0.31622776601683794,7,0.009338427685537108,True,1,5000,2.719935827165433,4,0.07223480903021237,0.4991176585325768,0.11252686064096254
5000,50,25.0,1.0,500000,0.31622776601683794,8,0.009322664532906581,True,1,5000,2.7216917783556713,4,0.07248544259813845,0.5051369881783673,0.11553656012596812
5000,50,25.0,1.0,500000,0.31622776601683794,9,0.009262972594518904,True,1,5000,2.722161472294459,4,0.07133013736302742,0.49903120634421,0.11377252613583537
5000,50,25.0,1.0,500000,0.31622776601683794,10,0.009356111222244449,True,1,5000,2.7207619123824767,4,0.0731522520953548,0.50657012516687,0.1120316029904281
5000,50,25.0,1.0,500000,0.31622776601683794,11,0.009374914982996599,True,1,5000,2.7170362872574514,4,0.07209801876822167,0.4932251444256305,0.11333232295262889
5000,50,25.0,1.0,500000,0.31622776601683794,12,0.009390438087617524,True,1,5000,2.7194850970194038,4,0.07312590617554951,0.5078188252955653,0.11006165491677475
5000,50,25.0,1.0,500000,0.31622776601683794,13,0.009336427285457092,True,1,5000,2.721270654130826,4,0.07234363942659985,0.5034116874485308,0.11359496939954285
5000,50,25.0,1.0,500000,0.31622776601683794,14,0.00943140628125625,True,1,5000,2.717250330066013,4,0.07420209950946531,0.5040168185168518,0.11698363133737175
5000,50,25.0,1.0,500000,0.31622776601683794,15,0.00938995799159832,True,1,5000,2.7176329665933188,4,0.07380016354628334,0.5102465633994371,0.10969225104685591
5000,50,25.0,1.0,500000,0.31622776601683794,16,0.009294498899779955,True,1,5000,2.723724024804961,4,0.07354180165039614,0.4938947463280434,0.11289015350300566
5000,50,25.0,1.0,500000,0.31622776601683794,17,0.009385317063412682,True,1,5000,2.717709701940388,4,0.07298097725774846,0.49955671543079627,0.11603842141267802
5000,50,25.0,1.0,500000,0.31622776601683794,18,0.009306421284256851,True,1,5000,2.7244072014402883,4,0.07332577413539905,0.5023796496768589,0.11901263392386853
5000,50,25.0,1.0,500000,0.31622776601683794,19,0.00931890378075615,True,1,5000,2.7239841568313663,4,0.0746867305360665,0.5095018764514962,0.11422228667174851
5000,50,25.0,1.0,500000,1.0,0,0.009409641928385677,True,1,5000,2.7041011402280457,4,0.06004365383270499,0.4816289871320008,0.1173089676878239
5000,50,25.0,1.0,500000,1.0,1,0.009309221844368875,True,1,5000,2.7102948589717943,4,0.0603263025311041,0.4836466969179166,0.11446496374046063
5000,50,25.0,1.0,500000,1.0,2,0.009371474294858972,True,1,5000,2.7055978395679134,4,0.05935218918783559,0.4817292096859813,0.11519267475693822
5000,50,25.0,1.0,500000,1.0,3,0.009390358071614324,True,1,5000,2.704523464692939,4,0.060451039074441215,0.4767578228465305,0.11685915070165712
5000,50,25.0,1.0,500000,1.0,4,0.009495819163832766,True,1,5000,2.701669293858772,4,0.06163818562722914,0.4879689411992495,0.1218891677215386
5000,50,25.0,1.0,500000,1.0,5,0.009474294858971794,True,1,5000,2.6998394878975795,4,0.059148011405527404,0.48122474350953776,0.1281505863573819
5000,50,25.0,1.0,500000,1.0,6,0.009359231846369274,True,1,5000,2.7064384076815364,4,0.059417809690412514,0.48281033063720724,0.1171259991449326
5000,50,25.0,1.0,500000,1.0,7,0.009409241848369674,True,1,5000,2.7036299259851972,4,0.059400655112847436,0.48076466732098694,0.11005200272588982
5000,50,25.0,1.0,500000,1.0,8,0.009406921384276856,True,1,5000,2.703635047009402,4,0.06009936175448583,0.4848168616839942,0.1070336032574537
5000,50,25.0,1.0,500000,1.0,9,0.009376515303060612,True,1,5000,2.704905301060212,4,0.058797718298308974,0.4707898371548323,0.12963242068749528
5000,50,25.0,1.0,500000,1.0,10,0.009470774154830967,True,1,5000,2.7008576915383076,4,0.060563420169631864,0.4765962812566853,0.11757057151797379
5000,50,25.0,1.0,500000,1.0,11,0.009538867773554711,True,1,5000,2.6961458691738347,4,0.06042707142158317,0.4783147929121371,0.11549377785861445
5000,50,25.0,1.0,500000,1.0,12,0.009372274454890979,True,1,5000,2.7032652930586116,4,0.059126557333888545,0.47721277088274666,0.11478135370309049
5000,50,25.0,1.0,500000,1.0,13,0.009535827165433086,True,1,5000,2.6969349069813964,4,0.060350904682781405,0.4766734021119848,0.11137708208280421
5000,50,25.0,1.0,500000,1.0,14,0.009446609321864374,True,1,5000,2.7038502100420083,4,0.060643938670620415,0.48344935580885595,0.1108637741211782
5000,50,25.0,1.0,500000,1.0,15,0.00945501100220044,True,1,5000,2.701416443288658,4,0.05916429832742474,0.4850580815777401,0.11856659474532523
5000,50,25.0,1.0,500000,1.0,16,0.0095125425085017,True,1,5000,2.7005374674934988,4,0.061062445174294204,0.4871342419122697,0.10831355729384386
5000,50,25.0,1.0,500000,1.0,17,0.009407161432286457,True,1,5000,2.702712942588518,4,0.05956641436907282,0.47697262507142685,0.11390754291933243
5000,50,25.0,1.0,500000,1.0,18,0.009355631126225245,True,1,5000,2.7056547309461894,4,0.059954823387021426,0.48049049065902283,0.10888693196482903
5000,50,25.0,1.0,500000,1.0,19,0.00945765153030606,True,1,5000,2.6988548909781955,4,0.059059133127363134,0.479987090267187,0.11071628785308957
5000,50,25.0,1.0,500000,3.1622776601683795,0,0.009537827565513102,True,1,5000,2.6789509101820363,4,0.04640620428587922,0.44581879576476646,0.11588408530220468
5000,50,25.0,1.0,500000,3.1622776601683795,1,0.009507741548309662,True,1,5000,2.680884176835367,4,0.0463837983948729,0.4478157566162968,0.11983549565936262
5000,50,25.0,1.0,500000,3.1622776601683795,2,0.00957615523104621,True,1,5000,2.677835327065413,4,0.047267553782147115,0.4505835131664252,0.10924039611717361
5000,50,25.0,1.0,500000,3.1622776601683795,3,0.00950126025205041,True,1,5000,2.6800548109621922,4,0.04550568377369654,0.4497024554111876,0.11547850672140383
5000,50,25.0,1.0,500000,3.1622776601683795,4,0.009610962192438488,True,1,5000,2.675604320864173,4,0.047409282357190434,0.44824982462182267,0.11738747696317528
5000,50,25.0,1.0,500000,3.1622776601683795,5,0.009373074614922984,True,1,5000,2.6889173834766953,4,0.04574469792066982,0.4541837457074445,0.11827666627434087
5000,50,25.0,1.0,500000,3.1622776601683795,6,0.009465973194638927,True,1,5000,2.6810634126825366,4,0.04532028154751933,0.4509765733772657,0.11309200485626632
5000,50,25.0,1.0,500000,3.1622776601683795,7,0.009457091418283657,True,1,5000,2.683406681336267,4,0.04642445658199144,0.44960674806901607,0.11471761159892728
5000,50,25.0,1.0,500000,3.1622776601683795,8,0.009429405881176234,True,1,5000,2.6830307661532307,4,0.04567468473715372,0.443810073045627,0.1098245247331762
5000,50,25.0,1.0,500000,3.1622776601683795,9,0.009530306061212242,True,1,5000,2.680281896379276,4,0.046304403546684,0.4512710348545883,0.11530473129239636
5000,50,25.0,1.0,500000,3.1622776601683795,10,0.009552070414082816,True,1,5000,2.6786997399479895,4,0.04633530297357466,0.4511539560117419,0.11349494464472293
5000,50,25.0,1.0,500000,3.1622776601683795,11,0.009509021804360872,True,1,5000,2.6802159631926386,4,0.04651063002385428,0.45144358207817104,0.11852651828222979
5000,50,25.0,1.0,500000,3.1622776601683795,12,0.009474134826965392,True,1,5000,2.6801617123424686,4,0.04500579984325402,0.448793329641524,0.11316667961470961
5000,50,25.0,1.0,500000,3.1622776601683795,13,0.009467173434686938,True,1,5000,2.683484616923385,4,0.046345995073385646,0.451504894106893,0.11020680163777864
5000,50,25.0,1.0,500000,3.1622776601683795,14,0.009467813562712542,True,1,5000,2.683208801760352,4,0.04618911454938512,0.4433275683752469,0.12544662772410428
5000,50,25.0,1.0,500000,3.1622776601683795,15,0.009441888377675536,True,1,5000,2.6839835167033406,4,0.04598601912311791,0.4493618998850905,0.12142862847500564
5000,50,25.0,1.0,500000,3.1622776601683795,16,0.009548309661932387,True,1,5000,2.677739147829566,4,0.04603240190689941,0.4410157954456307,0.1110054119374107
5000,50,25.0,1.0,500000,3.1622776601683795,17,0.009437167433486698,True,1,5000,2.6845600320064014,4,0.04582201948276489,0.4530212641564992,0.11586334819596815
5000,50,25.0,1.0,500000,3.1622776601683795,18,0.009469573914782956,True,1,5000,2.6834170834166833,4,0.04640313295274221,0.4507266351044287,0.11879916266079715
5000,50,25.0,1.0,500000,3.1622776601683795,19,0.009444288857771554,True,1,5000,2.6816883376675333,4,0.044526934916893184,0.4501995240728234,0.11643031025999306
5000,50,25.0,1.0,500000,10.0,0,0.00949373874774955,True,1,5000,2.6613043408681736,4,0.03353675629734648,0.4024167388013713,0.11568006254795474
5000,50,25.0,1.0,500000,10.0,1,0.009399239847969594,True,1,5000,2.666226925385077,4,0.033230837649808026,0.4043387224965571,0.11222061203554089
5000,50,25.0,1.0,500000,10.0,2,0.009485097019403881,True,1,5000,2.6627927985597117,4,0.03374124963493578,0.4142839222391637,0.11843149939248375
5000,50,25.0,1.0,500000,10.0,3,0.009507021404280856,True,1,5000,2.659434126825365,4,0.03342394888425005,0.39924414483816545,0.11385332526505515
5000,50,25.0,1.0,500000,10.0,4,0.009520144028805761,True,1,5000,2.6608564112822566,4,0.03406386757661375,0.4125229571387944,0.10819319004897361
5000,50,25.0,1.0,500000,10.0,5,0.00951982396479296,True,1,5000,2.660154670934187,4,0.03359956187450664,0.4017343857995115,0.1224808441055634
5000,50,25.0,1.0,500000,10.0,6,0.00956375275055011,True,1,5000,2.657442608521704,4,0.03375060628541359,0.40186989090670777,0.11821253177634038
5000,50,25.0,1.0,500000,10.0,7,0.009484616923384677,True,1,5000,2.6621454690938187,4,0.033611001044369496,0.41341739338308403,0.11999530452861691
5000,50,25.0,1.0,500000,10.0,8,0.00946365273054611,True,1,5000,2.6623075015003,4,0.03347000809718957,0.40907304654809745,0.10728709224626105
5000,50,25.0,1.0,500000,10.0,9,0.009693378675735147,True,1,5000,2.6516460092018406,4,0.03422262468149038,0.414498342584517,0.11767921348657717
5000,50,25.0,1.0,500000,10.0,10,0.009582236447289458,True,1,5000,2.657909101820364,4,0.03403291559557416,0.41228764102968807,0.1209383279804185
5000,50,25.0,1.0,500000,10.0,11,0.00946373274654931,True,1,5000,2.664755031006201,4,0.0337889129349277,0.4160561843152525,0.1240602522108967
5000,50,25.0,1.0,500000,10.0,12,0.009524224844968994,True,1,5000,2.6594111622324466,4,0.03334157634686769,0.4151408737416821,0.1207665551595749
5000,50,25.0,1.0,500000,10.0,13,0.009465573114622925,True,1,5000,2.662490818163633,4,0.03332057431024929,0.4048342827409031,0.1159979505047756
5000,50,25.0,1.0,500000,10.0,14,0.009601120224044808,True,1,5000,2.6571694338867773,4,0.03390063512064046,0.41368703576507865,0.1234060527470501
5000,50,25.0,1.0,500000,10.0,15,0.009534866973394679,True,1,5000,2.6593191438287658,4,0.03447602204615583,0.4069383424249421,0.11577118955112031
5000,50,25.0,1.0,500000,10.0,16,0.009557591518303661,True,1,5000,2.657582716543309,4,0.03331922914274287,0.407548027025209,0.12006899201708218
5000,50,25.0,1.0,500000,10.0,17,0.009569033806761352,True,1,5000,2.6578558111622326,4,0.03331982087405411,0.40734972552100046,0.11518962311695265
5000,50,25.0,1.0,500000,10.0,18,0.00949245849169834,True,1,5000,2.6615296659331866,4,0.033818136550242336,0.4167302334219971,0.11262927364504187
5000,50,25.0,1.0,500000,10.0,19,0.009671054210842168,True,1,5000,2.652334466893379,4,0.03425426879093124,0.405216598648214,0.1249134447858351
5000,50,25.0,1.0,500000,31.622776601683793,0,0.00950878175635127,True,1,5000,2.6433884376875376,4,0.024628204973515522,0.3702725535597729,0.11794628368869761
5000,50,25.0,1.0,500000,31.622776601683793,1,0.009561992398479695,True,1,5000,2.6400176035207044,4,0.025044215290894453,0.36802711329646853,0.11248278687173288
5000,50,25.0,1.0,500000,31.622776601683793,2,0.00951750350070014,True,1,5000,2.641536547309462,4,0.024735470933234138,0.35756380305426705,0.11412255594516582
5000,50,25.0,1.0,500000,31.622776601683793,3,0.009546149229845969,True,1,5000,2.6411295059011803,4,0.024848052275269074,0.3637535989415833,0.12175587446472255
5000,50,25.0,1.0,500000,31.622776601683793,4,0.009558151630326065,True,1,5000,2.6399116623324663,4,0.025115430063525058,0.3649486565772833,0.11135337003972426
5000,50,25.0,1.0,500000,31.622776601683793,5,0.009571994398879777,True,1,5000,2.639546869373875,4,0.02518682035028482,0.36767425575642354,0.11412629094286822
5000,50,25.0,1.0,500000,31.622776601683793,6,0.009583196639327865,True,1,5000,2.6385345069013804,4,0.02439614410128168,0.36032606488123065,0.12052487625690397
5000,50,25.0,1.0,500000,31.622776601683793,7,0.00957367473494699,True,1,5000,2.6386131626325264,4,0.024609675431701082,0.3608699030589866,0.11438384593162038
5000,50,25.0,1.0,500000,31.622776601683793,8,0.009623044608921784,True,1,5000,2.63699699939988,4,0.024807291103740015,0.36621596438947424,0.12544282545174618
5000,50,25.0,1.0,500000,31.622776601683793,9,0.009504060812162433,True,1,5000,2.6426226845369074,4,0.024539349793948794,0.3530550816203492,0.1230134158950814
5000,50,25.0,1.0,500000,31.622776601683793,10,0.009567033406681337,True,1,5000,2.6392966593318663,4,0.024666990246595806,0.3626547123884809,0.1162492618834923
5000,50,25.0,1.0,500000,31.622776601683793,11,0.009609201840368073,True,1,5000,2.6358837367473495,4,0.024328599161336385,0.3574778287115999,0.11214075261588667
5000,50,25.0,1.0,500000,31.622776601683793,12,0.009718983796759352,True,1,5000,2.6321687537507503,4,0.02518818799216828,0.36559628306523245,0.11939184166167896
5000,50,25.0,1.0,500000,31.622776601683793,13,0.009610482096419284,True,1,5000,2.637217923584717,4,0.024644348509594523,0.35946829743536957,0.12474735598073756
5000,50,25.0,1.0,500000,31.622776601683793,14,0.009509821964392878,True,1,5000,2.6416800160032006,4,0.024283604955757643,0.35988684412288363,0.12533804076796912
5000,50,25.0,1.0,500000,31.622776601683793,15,0.0095500700140028,True,1,5000,2.6416832166433286,4,0.025001121715968286,0.37217898189732346,0.11615828106051948
5000,50,25.0,1.0,500000,31.622776601683793,16,0.009563912782556512,True,1,5000,2.6401681136227246,4,0.02483300037302428,0.36201585088013755,0.12345562723038664
5000,50,25.0,1.0,500000,31.622776601683793,17,0.00957863572714543,True,1,5000,2.64053674734947,4,0.025165744569108525,0.36959597469555583,0.12100945597085058
5000,50,25.0,1.0,500000,31.622776601683793,18,0.009670894178835767,True,1,5000,2.633465573114623,4,0.02515808794779811,0.360829522546105,0.11364635302589032
5000,50,25.0,1.0,500000,31.622776601683793,19,0.009678175635127025,True,1,5000,2.6338439687937587,4,0.024819380577415888,0.36336545013698374,0.11857456998319117
5000,50,25.0,1.0,500000,100.0,0,0.009630566113222645,True,1,5000,2.6214910182036406,4,0.01913979474904731,0.3048025070752485,0.12183569150329254
5000,50,25.0,1.0,500000,100.0,1,0.009514222844568914,True,1,5000,2.62856299259852,4,0.01913804038796588,0.31318572534659095,0.12236548724197815
5000,50,25.0,1.0,500000,100.0,2,0.00953126625325065,True,1,5000,2.627118543708742,4,0.019004980099882,0.31100360474499866,0.11705183445283288
5000,50,25.0,1.0,500000,100.0,3,0.009549589917983596,True,1,5000,2.6263902380476094,4,0.018732768441675433,0.308274501761085,0.12272183084536986
5000,50,25.0,1.0,500000,100.0,4,0.00959495899179836,True,1,5000,2.62396775355071,4,0.018702153975525364,0.30725657243802146,0.12126413089757114
5000,50,25.0,1.0,500000,100.0,5,0.009609441888377675,True,1,5000,2.6236070414082815,4,0.018894138430504494,0.30923342746457183,0.12910523455218134
5000,50,25.0,1.0,500000,100.0,6,0.009611762352470495,True,1,5000,2.622779195839168,4,0.01892902207610368,0.3075353845309593,0.11970669415018247
5000,50,25.0,1.0,500000,100.0,7,0.009444448889777956,True,1,5000,2.63216675335067,4,0.018939386064764193,0.3129731418305371,0.11968794704101816
5000,50,25.0,1.0,500000,100.0,8,0.009555191038207641,True,1,5000,2.625446529305861,4,0.01893203597131948,0.31337087295394295,0.11896171972027715
5000,50,25.0,1.0,500000,100.0,9,0.009669533906781356,True,1,5000,2.6200166433286656,4,0.01934641292329351,0.31153392955364384,0.11970136110184164
5000,50,25.0,1.0,500000,100.0,10,0.009581436287257451,True,1,5000,2.624801200240048,4,0.019208540747631172,0.30747446862538663,0.12965882442373766
5000,50,25.0,1.0,500000,100.0,11,0.009603440688137628,True,1,5000,2.623626725345069,4,0.019270286084784115,0.311022652841935,0.1114079960421766
5000,50,25.0,1.0,500000,100.0,12,0.009702580516103222,True,1,5000,2.6174374074814963,4,0.019315340467548996,0.3114923601410269,0.11306011490574429
5000,50,25.0,1.0,500000,100.0,13,0.009627205441088218,True,1,5000,2.6222242848569715,4,0.019056172527917553,0.3120540002193831,0.1224501796250696
5000,50,25.0,1.0,500000,100.0,14,0.009604800960192039,True,1,5000,2.622932826565313,4,0.01905191413497806,0.3081941005591399,0.10965968065302442
5000,50,25.0,1.0,500000,100.0,15,0.009611442288457691,True,1,5000,2.6218918983796757,4,0.019138760428614923,0.3036173594228789,0.11177258203380612
5000,50,25.0,1.0,500000,100.0,16,0.009504220844168835,True,1,5000,2.629157431486297,4,0.018829566865320866,0.312815775469448,0.11724899470256478
5000,50,25.0,1.0,500000,100.0,17,0.009651050210042008,True,1,5000,2.620649569913983,4,0.01901028624590653,0.3088300720404363,0.11806671177498289
5000,50,25.0,1.0,500000,100.0,18,0.009552790558111623,True,1,5000,2.6264880176035206,4,0.01909420179933229,0.3103010470864663,0.12239812093624654
5000,50,25.0,1.0,500000,100.0,19,0.009581756351270255,True,1,5000,2.62386725345069,4,0.019049283493627906,0.3103500716920125,0.10573785578352297
5000,50,25.0,1.0,500000,316.22776601683796,0,0.009618003600720144,True,1,5000,2.6128775355071014,4,0.015751197671960034,0.2492653602743434,0.11662747290556351
5000,50,25.0,1.0,500000,316.22776601683796,1,0.009543908781756351,True,1,5000,2.6178858171634327,4,0.015361948145286172,0.25253733316211563,0.12710955873502255
5000,50,25.0,1.0,500000,316.22776601683796,2,0.00947389477895579,True,1,5000,2.621799479895979,4,0.015014568428465656,0.2496639987274014,0.13036408533078844
5000,50,25.0,1.0,500000,316.22776601683796,3,0.00960368073614723,True,1,5000,2.6137757151430288,4,0.015376027596723942,0.24777613774785007,0.1168980788844766
5000,50,25.0,1.0,500000,316.22776601683796,4,0.009557591518303661,True,1,5000,2.6169839567913584,4,0.015606359620343235,0.2506334424720454,0.12382408169103243
5000,50,25.0,1.0,500000,316.22776601683796,5,0.009559191838367674,True,1,5000,2.61621700340068,4,0.015414015091991277,0.25281652291166334,0.11731718314664126
5000,50,25.0,1.0,500000,316.22776601683796,6,0.009449009801960392,True,1,5000,2.6223093418683736,4,0.015357258349732138,0.24894726115451413,0.11231622133011795
5000,50,25.0,1.0,500000,316.22776601683796,7,0.009548069613922785,True,1,5000,2.6169070614122822,4,0.01537595836038852,0.2478234306668529,0.11882159775563887
5000,50,25.0,1.0,500000,316.22776601683796,8,0.009625765153030607,True,1,5000,2.6117249849969992,4,0.015563755979809153,0.24896070086583305,0.1083073195295858
5000,50,25.0,1.0,500000,316.22776601683796,9,0.009590718143628725,True,1,5000,2.614657651530306,4,0.015323635568627722,0.24529250151513046,0.12193191723936603
5000,50,25.0,1.0,500000,316.22776601683796,10,0.00954254850970194,True,1,5000,2.6167188637727548,4,0.015361182038178456,0.2465539585911285,0.1137991620143354
5000,50,25.0,1.0,500000,316.22776601683796,11,0.00952870574114823,True,1,5000,2.6176572914582916,4,0.015397601460406375,0.24719605316383106,0.11607315587203856
5000,50,25.0,1.0,500000,316.22776601683796,12,0.00955743148629726,True,1,5000,2.6163731146229248,4,0.015542276199099146,0.24976074323192696,0.11360723782606547
5000,50,25.0,1.0,500000,316.22776601683796,13,0.0095374274854971,True,1,5000,2.6176751350270053,4,0.015589430555354835,0.25071972630530415,0.1198836421658597
5000,50,25.0,1.0,500000,316.22776601683796,14,0.009460212042408482,True,1,5000,2.6214470094018805,4,0.01534665939824433,0.24778693659179055,0.11371287560632042
5000,50,25.0,1.0,500000,316.22776601683796,15,0.009559351870374076,True,1,5000,2.6165197839567913,4,0.015269457560785927,0.24860723482138658,0.11943757768253144
5000,50,25.0,1.0,500000,316.22776601683796,16,0.009549349869973994,True,1,5000,2.6163667133426687,4,0.015253867663100695,0.24861078296261738,0.1122346948934205
5000,50,25.0,1.0,500000,316.22776601683796,17,0.009602160432086417,True,1,5000,2.61443800760152,4,0.01569849831714926,0.249340498305358,0.12449597271826
5000,50,25.0,1.0,500000,316.22776601683796,18,0.009636967393478696,True,1,5000,2.612389597919584,4,0.015753039048479765,0.24740909765304042,0.12134780974022102
5000,50,25.0,1.0,500000,316.22776601683796,19,0.00956383276655331,True,1,5000,2.615967593518704,4,0.015538621584082665,0.24415819110174697,0.1255879937914704
5000,50,25.0,1.0,500000,1000.0,0,0.009626885377075414,True,1,5000,2.6079917583516705,4,0.013975338870660057,0.18466003856012667,0.11971521353013587
5000,50,25.0,1.0,500000,1000.0,1,0.009551510302060412,True,1,5000,2.6116891378275655,4,0.013802450262236334,0.18454591518066543,0.11329620378858175
5000,50,25.0,1.0,500000,1000.0,2,0.00957359471894379,True,1,5000,2.6105270654130828,4,0.013684518395865685,0.18863099914619244,0.1114672002538505
5000,50,25.0,1.0,500000,1000.0,3,0.009577035407081417,True,1,5000,2.610736627325465,4,0.014226617037995146,0.19438728172749056,0.11872956265135658
5000,50,25.0,1.0,500000,1000.0,4,0.009600160032006401,True,1,5000,2.610467773554711,4,0.013552655911040946,0.18677878153233057,0.13212548814382225
5000,50,25.0,1.0,500000,1000.0,5,0.00958991798359672,True,1,5000,2.6096584116823363,4,0.01388742864239579,0.18859770433386608,0.11369712931698925
5000,50,25.0,1.0,500000,1000.0,6,0.009534626925385077,True,1,5000,2.6129908381676334,4,0.013693352302598862,0.18566905196217393,0.11498554743067584
5000,50,25.0,1.0,500000,1000.0,7,0.009688017603520704,True,1,5000,2.6037888377675533,4,0.013860339241422031,0.1795416744751275,0.11071470268002519
5000,50,25.0,1.0,500000,1000.0,8,0.009577755551110222,True,1,5000,2.6107926385277054,4,0.013661773110224592,0.18464743098705877,0.11554719291446602
5000,50,25.0,1.0,500000,1000.0,9,0.009562392478495699,True,1,5000,2.6120555311062215,4,0.01400596314884284,0.1815394049794535,0.128051701520055
5000,50,25.0,1.0,500000,1000.0,10,0.009530546109221844,True,1,5000,2.6135400680136027,4,0.013866220531426728,0.183875574747686,0.12162562460029981
5000,50,25.0,1.0,500000,1000.0,11,0.009542628525705142,True,1,5000,2.612955151030206,4,0.01382174364961507,0.19295034738958813,0.12040344391066492
5000,50,25.0,1.0,500000,1000.0,12,0.009551430286057212,True,1,5000,2.611876215243049,4,0.013801023413342571,0.18049125528623972,0.11163671840544515
5000,50,25.0,1.0,500000,1000.0,13,0.009550630126025205,True,1,5000,2.6119654330866173,4,0.013808923430096258,0.1864211055196448,0.11367664498832374
5000,50,25.0,1.0,500000,1000.0,14,0.009575995199039808,True,1,5000,2.6104882576515305,4,0.013965793018855715,0.1754394015233222,0.11913307773037896
5000,50,25.0,1.0,500000,1000.0,15,0.009620324064812962,True,1,5000,2.608930826165233,4,0.013602160178712044,0.17205518241054088,0.12577368929075247
5000,50,25.0,1.0,500000,1000.0,16,0.00968617723544709,True,1,5000,2.60486849369874,4,0.01394233727351683,0.18939483582580455,0.12322003119520192
5000,50,25.0,1.0,500000,1000.0,17,0.009517263452690538,True,1,5000,2.613936307261452,4,0.01363914562292695,0.18380120938401728,0.11240451983930423
5000,50,25.0,1.0,500000,1000.0,18,0.009564312862572515,True,1,5000,2.611249929985997,4,0.013545002120841625,0.18028187886590505,0.1163217823274634
5000,50,25.0,1.0,500000,1000.0,19,0.009444048809761952,True,1,5000,2.6185061812362473,4,0.013370595307094795,0.18008980336020697,0.12097637915472426
5000,50,25.0,1.0,500000,3162.2776601683795,0,0.009526945389077815,True,1,5000,2.611806921384277,4,0.012717426170460365,0.15026927156439687,0.11632524907705344
5000,50,25.0,1.0,500000,3162.2776601683795,1,0.009555671134226845,True,1,5000,2.6104060812162433,4,0.013038493622589211,0.1565611342691553,0.12010770307128117
5000,50,25.0,1.0,500000,3162.2776601683795,2,0.009608241648329666,True,1,5000,2.6072205641128225,4,0.01298974684488282,0.15270564555030777,0.11869381865506962
5000,50,25.0,1.0,500000,3162.2776601683795,3,0.0096625725145029,True,1,5000,2.603972874574915,4,0.013130005687854236,0.1546662142475941,0.11388623615721945
5000,50,25.0,1.0,500000,3162.2776601683795,4,0.009452050410082017,True,1,5000,2.6167555911182236,4,0.012814416893332395,0.15501829871163994,0.12415284931555533
5000,50,25.0,1.0,500000,3162.2776601683795,5,0.009631686337267454,True,1,5000,2.6059985597119426,4,0.012959097186053427,0.14364733892965348,0.12187428727508225
5000,50,25.0,1.0,500000,3162.2776601683795,6,0.009613282656531306,True,1,5000,2.6072811362272454,4,0.01296088772352052,0.1494456672041146,0.1206045968803474
5000,50,25.0,1.0,500000,3162.2776601683795,7,0.00959119823964793,True,1,5000,2.60846849369874,4,0.013148638420069421,0.15427969807944278,0.12570761775469524
5000,50,25.0,1.0,500000,3162.2776601683795,8,0.009759551910382077,True,1,5000,2.599050130026005,4,0.013459104186686716,0.15225874237176118,0.126374239964055
5000,50,25.0,1.0,500000,3162.2776601683795,9,0.009685617123424684,True,1,5000,2.603176795359072,4,0.013095060656811876,0.14939817283064785,0.12671217140818314
5000,50,25.0,1.0,500000,3162.2776601683795,10,0.00959127825565113,True,1,5000,2.608660852170434,4,0.013148265855378904,0.15374169794872422,0.1274763434674125
5000,50,25.0,1.0,500000,3162.2776601683795,11,0.009655371074214844,True,1,5000,2.6040300860172034,4,0.013366706027571522,0.14928019130732798,0.11463924068801386
5000,50,25.0,1.0,500000,3162.2776601683795,12,0.009589757951590318,True,1,5000,2.608158191638328,4,0.013058317241336147,0.1507712488708246,0.12137660462034938
5000,50,25.0,1.0,500000,3162.2776601683795,13,0.00956863372674535,True,1,5000,2.609832526505301,4,0.012959309605179473,0.1348618701709768,0.12377400836014392
5000,50,25.0,1.0,500000,3162.2776601683795,14,0.009594798959791958,True,1,5000,2.6079987197439487,4,0.013198868258412216,0.15102802863879927,0.12015902307548186
5000,50,25.0,1.0,500000,3162.2776601683795,15,0.009620404080816164,True,1,5000,2.606577555511102,4,0.01308062774321463,0.14875190626847262,0.11780831008165053
5000,50,25.0,1.0,500000,3162.2776601683795,16,0.009543028605721144,True,1,5000,2.611245129025805,4,0.012934055516005037,0.1385261152398223,0.12649468341399464
5000,50,25.0,1.0,500000,3162.2776601683795,17,0.009536947389477895,True,1,5000,2.610837367473495,4,0.013154234042572857,0.1513861329549876,0.10883197063987426
5000,50,25.0,1.0,500000,3162.2776601683795,18,0.0096500100020004,True,1,5000,2.604826325265053,4,0.013117795696241424,0.1523157965890247,0.11274983054843032
5000,50,25.0,1.0,500000,3162.2776601683795,19,0.009565513102620524,True,1,5000,2.6104456891378276,4,0.013021720337251168,0.15129313705588918,0.13016273839875456
5000,50,25.0,1.0,500000,10000.0,0,0.009667213442688538,True,1,5000,2.603850050010002,4,0.012970278879796175,0.15083785408786535,0.13013596858164084
5000,50,25.0,1.0,500000,10000.0,1,0.009729785957191438,True,1,5000,2.5994647729545908,4,0.013118291077439377,0.14917179523597887,0.11743422934885078
5000,50,25.0,1.0,500000,10000.0,2,0.009630086017203441,True,1,5000,2.606130026005201,4,0.01290298018408665,0.15227141239885159,0.12798817479651248
5000,50,25.0,1.0,500000,10000.0,3,0.009560792158431686,True,1,5000,2.6092468093618724,4,0.01283265122774304,0.15369238637986868,0.11528742166570755
5000,50,25.0,1.0,500000,10000.0,4,0.009578475695139027,True,1,5000,2.6092005601120225,4,0.012948191457597137,0.149260547976732,0.13090989681767567
5000,50,25.0,1.0,500000,10000.0,5,0.00951390278055611,True,1,5000,2.612451770354071,4,0.012718872395871642,0.14961446947452856,0.1227971662106901
5000,50,25.0,1.0,500000,10000.0,6,0.009587597519503901,True,1,5000,2.608275975195039,4,0.01284963621070161,0.15396579094869778,0.1273013805261401
5000,50,25.0,1.0,500000,10000.0,7,0.009606481296259252,True,1,5000,2.6070362872574515,4,0.012971434953894061,0.15338612444209127,0.12596705295787522
5000,50,25.0,1.0,500000,10000.0,8,0.0096373674734947,True,1,5000,2.605779715943189,4,0.012894630823894946,0.15050262682127438,0.13186737170233326
5000,50,25.0,1.0,500000,10000.0,9,0.00946989397879576,True,1,5000,2.6150251650330065,4,0.01294510481194034,0.15092498273596838,0.12915897800109089
5000,50,25.0,1.0,500000,10000.0,10,0.009712662532506501,True,1,5000,2.600821204240848,4,0.013129352392471103,0.14961517901703894,0.12111145134372905
5000,50,25.0,1.0,500000,10000.0,11,0.009627205441088218,True,1,5000,2.6051383076615324,4,0.012946527435211474,0.15083243200233423,0.11396037191718755
5000,50,25.0,1.0,500000,10000.0,12,0.009590958191638327,True,1,5000,2.608162032406481,4,0.01289409723551361,0.15401147173954746,0.12563952518031068
5000,50,25.0,1.0,500000,10000.0,13,0.009537747549509902,True,1,5000,2.6112368873774754,4,0.012849543876205951,0.15095826738505982,0.12865365587155214
5000,50,25.0,1.0,500000,10000.0,14,0.009520144028805761,True,1,5000,2.61173050610122,4,0.012892205961363073,0.15494057745726478,0.12206679230088832
5000,50,25.0,1.0,500000,10000.0,15,0.00963232646529306,True,1,5000,2.6062302860572113,4,0.012936883367204149,0.14991940368210419,0.1325302031421178
5000,50,25.0,1.0,500000,10000.0,16,0.009564872974594919,True,1,5000,2.6088555311062214,4,0.012615808384889462,0.15257981795053258,0.11335296730084793
5000,50,25.0,1.0,500000,10000.0,17,0.009645369073814762,True,1,5000,2.6050174834966993,4,0.012799973250664145,0.152027866092124,0.12440147594004972
5000,50,25.0,1.0,500000,10000.0,18,0.009513342668533707,True,1,5000,2.6120118423684735,4,0.012609985642725011,0.15206055438434182,0.11397905047925984
5000,50,25.0,1.0,500000,10000.0,19,0.009654730946189238,True,1,5000,2.6041377875575114,4,0.01294850164949388,0.1527871877336124,0.11909274241002521
5000,50,25.0,1.0,500000,31622.776601683792,0,0.009558231646329267,True,1,5000,2.6100839367873574,4,0.012665035395585023,0.1524504947850647,0.1284267948019346
5000,50,25.0,1.0,500000,31622.776601683792,1,0.009629285857171434,True,1,5000,2.605725625125025,4,0.012896469145815588,0.1532189118830438,0.12282069927002434
5000,50,25.0,1.0,500000,31622.776601683792,2,0.009527985597119424,True,1,5000,2.612097299459892,4,0.01266570948425271,0.15249227811440355,0.1363101370847412
5000,50,25.0,1.0,500000,31622.776601683792,3,0.009535907181436288,True,1,5000,2.6108835367073415,4,0.012786259987079144,0.1422704433304822,0.12415905720084845
5000,50,25.0,1.0,500000,31622.776601683792,4,0.009659211842368474,True,1,5000,2.6040175235047007,4,0.012814946023465532,0.1539756286419644,0.12392058624791374
5000,50,25.0,1.0,500000,31622.776601683792,5,0.009461332266453291,True,1,5000,2.615311382276455,4,0.012690008484917949,0.15645112547212847,0.12086314024233354
5000,50,25.0,1.0,500000,31622.776601683792,6,0.009624804960992198,True,1,5000,2.605596319263853,4,0.013027270974979023,0.15211085384947023,0.12401036656940043
5000,50,25.0,1.0,500000,31622.776601683792,7,0.009585917183436687,True,1,5000,2.608153150630126,4,0.012700038065837664,0.14783517012215683,0.1245320339530987
5000,50,25.0,1.0,500000,31622.776601683792,8,0.009590238047609521,True,1,5000,2.6080086417283455,4,0.012637336854615535,0.15030972849891872,0.12804656651744706
5000,50,25.0,1.0,500000,31622.776601683792,9,0.009644408881776355,True,1,5000,2.604441448289658,4,0.012667168189452299,0.15368724064198108,0.11649950304978773
5000,50,25.0,1.0,500000,31622.776601683792,10,0.009604800960192039,True,1,5000,2.6069597119423884,4,0.012628360046601837,0.15479413347733048,0.1228905698068479
5000,50,25.0,1.0,500000,31622.776601683792,11,0.00965617123424685,True,1,5000,2.603443168633727,4,0.012927902670129601,0.15309932555110814,0.11121743588337148
5000,50,25.0,1.0,500000,31622.776601683792,12,0.009691378275655131,True,1,5000,2.6023399879975995,4,0.01280930434372435,0.15143535315003007,0.12740095909458668
5000,50,25.0,1.0,500000,31622.776601683792,13,0.009640888177635526,True,1,5000,2.6050742148429684,4,0.012910612718471168,0.15223436249583114,0.12508188653014163
5000,50,25.0,1.0,500000,31622.776601683792,14,0.009557111422284457,True,1,5000,2.6098565313062614,4,0.012850734126143567,0.13386708237178724,0.12789354221955362
5000,50,25.0,1.0,500000,31622.776601683792,15,0.009688417683536708,True,1,5000,2.60231350270054,4,0.01284685816157222,0.14805225860637447,0.12501254466444622
5000,50,25.0,1.0,500000,31622.776601683792,16,0.009578955791158231,True,1,5000,2.608754150830166,4,0.012823160868408163,0.14857726425703785,0.13021799297206754
5000,50,25.0,1.0,500000,31622.776601683792,17,0.00959879975995199,True,1,5000,2.6074569313862774,4,0.012716617509378594,0.14968569193781944,0.12714253483145754
5000,50,25.0,1.0,500000,31622.776601683792,18,0.009639927985597119,True,1,5000,2.6059463092618524,4,0.012890684451584578,0.15261444717964417,0.13520298511432358
5000,50,25.0,1.0,500000,31622.776601683792,19,0.009572154430886177,True,1,5000,2.6091411882376474,4,0.012709716929998003,0.14431877746824048,0.12251220868443564
5000,50,25.0,1.0,500000,100000.0,0,0.009686017203440688,True,1,5000,2.6027817563512703,4,0.012996610192906747,0.1501929063928386,0.13314992756425992
5000,50,25.0,1.0,500000,100000.0,1,0.009611682336467293,True,1,5000,2.6074718143628726,4,0.01266294850972998,0.15235867197071,0.14017558234480226
5000,50,25.0,1.0,500000,100000.0,2,0.009570714142828566,True,1,5000,2.6089193038607723,4,0.012702383418383426,0.14783557839208514,0.12005008956544329
5000,50,25.0,1.0,500000,100000.0,3,0.009667853570714143,True,1,5000,2.6033841168233645,4,0.012946048879368777,0.15258014536087888,0.12145430997161955
5000,50,25.0,1.0,500000,100000.0,4,0.009604720944188837,True,1,5000,2.6062709341868375,4,0.012840060811348308,0.15353442411512244,0.11363541067344492
5000,50,25.0,1.0,500000,100000.0,5,0.009661852370474094,True,1,5000,2.604448569713943,4,0.01281867937565397,0.15009154025826374,0.1341338144612729
5000,50,25.0,1.0,500000,100000.0,6,0.009669293858771754,True,1,5000,2.6030086817363474,4,0.012617096622782568,0.15089308199496348,0.11928666136697981
5000,50,25.0,1.0,500000,100000.0,7,0.009504140828165633,True,1,5000,2.613542548509702,4,0.012440117163940964,0.15347805146635038,0.13124913847562236
5000,50,25.0,1.0,500000,100000.0,8,0.009601920384076815,True,1,5000,2.6072365673134628,4,0.012765958061267008,0.15334829225694446,0.12453722360017748
5000,50,25.0,1.0,500000,100000.0,9,0.009504540908181636,True,1,5000,2.6130302860572114,4,0.012455333966773044,0.15447707207779698,0.12248486720625015
5000,50,25.0,1.0,500000,100000.0,10,0.009598479695939188,True,1,5000,2.6077687537507503,4,0.012638667107562134,0.1510675836902584,0.12449435983302715
5000,50,25.0,1.0,500000,100000.0,11,0.009694498899779956,True,1,5000,2.601977675535107,4,0.012888062521589003,0.1478917094466592,0.12875075605384648
5000,50,25.0,1.0,500000,100000.0,12,0.009716663332666534,True,1,5000,2.6007255051010203,4,0.012975771606364822,0.14879445842439665,0.124064356682223
5000,50,25.0,1.0,500000,100000.0,13,0.009607921584316864,True,1,5000,2.6069661132226445,4,0.012823282704404918,0.1501593854455165,0.12500163541253032
5000,50,25.0,1.0,500000,100000.0,14,0.009559591918383677,True,1,5000,2.609653530706141,4,0.012552560782016402,0.14910704038780181,0.12673658699234133
5000,50,25.0,1.0,500000,100000.0,15,0.009595759151830367,True,1,5000,2.6080158431686336,4,0.012861836092741694,0.13783451605109573,0.13318467253236865
5000,50,25.0,1.0,500000,100000.0,16,0.009557671534306861,True,1,5000,2.6099795159031807,4,0.012649427435313177,0.14738128153913527,0.12768996070560892
5000,50,25.0,1.0,500000,100000.0,17,0.009715943188637728,True,1,5000,2.600576195239048,4,0.012827442970686305,0.1487966003868769,0.12945427363095305
5000,50,25.0,1.0,500000,100000.0,18,0.009584796959391878,True,1,5000,2.6080417683536705,4,0.012605961278732692,0.15226239040714445,0.12534947128705284
5000,50,25.0,1.0,500000,100000.0,19,0.009620164032806562,True,1,5000,2.605781316263253,4,0.012885424881093687,0.1488690650313893,0.1167657681234286
