id,x,y,k_limit,community
0,1352.6705660464727,2049.7991033005283,15.903922183246339,3
1,3078.892528814159,455.0828030551587,49.60508222444167,6
2,336.6046894699141,2259.4510227232613,23.90422239549201,2
3,1572.412190863594,2664.1219985240373,137.8549683320026,3
4,286.34307957066403,161.66942826865164,18.412586036322097,1
5,1592.640801614703,391.0761601493695,102.8314609846775,1
6,2758.2627431034393,1597.6980275251797,33.918243061896746,4
7,1375.6604485689018,2111.286144808682,18.966269904464603,3
8,212.00718862153198,208.66120943225633,26.55613557938792,1
9,786.2335801195964,838.6391551784858,35.676657688151835,1
10,988.8771213303119,1283.6626822100059,11.081025371455105,5
11,1269.4480361567919,1941.605495926603,36.32725545682834,5
12,1413.4364300723885,3160.3817717765696,41.34530572752862,3
13,1390.7856112278694,1354.8455044307661,30.811222081083333,5
14,370.49668552200166,2070.758579865675,36.66592507788921,2
15,599.1346745513815,1190.4415478659632,49.755139680543444,5
16,1251.4834347235517,622.594997423339,42.213141683955115,1
17,733.4676433028274,2553.2132324914282,43.88294591980451,2
18,4.952211277432891,1968.5010466642748,69.09851186071168,2
19,1539.6233864233418,2598.289165213844,50.52780029482211,3
20,2883.0827749553387,551.4653443208716,59.15731902298288,6
21,543.8742884347696,1585.7682074657603,32.56492841540738,5
22,2236.9552115282577,2468.2095478821884,40.4625175271044,4
23,2535.8459687673258,2831.333136642197,46.589153614551556,4
24,1080.8948085293077,337.30796522620625,27.104456828067065,1
25,185.81627228436793,156.66581355894562,25.606528209203592,1
26,417.32623521122116,2666.563057830339,46.934864124089614,2
27,2102.6782215193875,2837.768363185305,84.97006365921189,3
28,2106.6891533280545,95.38127719905638,36.02314330874318,6
29,1841.2121267752598,2309.4478319904188,28.198303181485127,3
30,3097.095368708154,2927.6399534605134,57.77985375220632,4
31,307.69827903144926,2160.7027874102127,30.81507295217995,2
32,2948.807967787018,3039.6712694557345,116.4034608356985,4
33,1442.5586171892437,2365.8781836914213,30.127491703042026,3
34,1013.7502351142898,2080.1930440806295,44.20236291166971,2
35,2993.7730692776454,1862.673549792609,37.77847326411181,4
36,269.34110956038097,2841.808119883588,83.20029184662572,2
37,1836.4785536701472,2442.6412890520564,58.79677728121338,3
38,1594.3075554280013,1333.1093090700542,33.69750608343384,5
39,392.5407596627944,1069.9607048891712,45.422570053915706,5
40,2911.2452397536895,1659.5483643082168,27.886126214008094,4
41,3050.555223019079,2026.6833978588782,73.5124046337297,4
42,131.79047561710533,2584.6896042278076,152.61469967672912,2
43,29.48839949491355,2436.049012433839,20.951098811639305,2
44,1038.6750041330527,1941.7665571263633,52.624815732468676,5
45,1947.4442295475162,2592.036964576658,46.558970910945284,3
46,611.5598518640186,2383.9792522450093,81.16307181740221,2
47,2831.8051370500575,217.21972837904073,30.182607563529068,6
48,744.2981494130689,1177.551738306637,39.116134730510794,5
49,2912.9712719418894,2427.438089643949,49.6321005442965,4
50,194.93265018960608,2874.861098973136,18.751897001016196,2
51,130.9555712129151,2728.073343407055,42.98142636236563,2
52,52.885872720227994,618.1555000085629,32.82417267636075,1
53,1681.673806475951,2685.551829848504,130.53409173271044,3
54,2721.5487133591073,1672.4395771069992,76.12472309857537,4
55,767.7763225532574,3092.196251637598,72.01090609282865,2
56,1704.0735290070488,610.9060587125508,32.533824037450835,1
57,1688.482270360265,2242.8002320184974,44.72066297955692,3
58,603.0448515890209,2290.2399725642686,54.965182091363,2
59,2400.6438410254164,2859.316155354788,132.5083257037363,4
60,552.0025303140101,158.7181055741252,33.11078054328787,1
61,672.8754213481778,776.572913347784,67.03492758059329,1
62,1581.1336696810515,2699.809108565975,32.26867464753872,3
63,535.7649704687797,2536.4549292457195,36.30851564684617,2
64,2839.10494647258,217.2422130372585,65.31468047517652,6
65,2270.349500351134,2670.481823320082,49.58927599681973,4
66,971.6414671920344,2880.9291284135834,72.4482826898019,2
67,160.96170935424288,2043.777227835867,19.80369015716233,2
68,3099.425303633269,1821.0938423999578,22.066299504471143,4
69,561.5601232927239,800.4265244413698,91.19594492151832,1
70,735.5736818474857,499.5095782647191,61.7807719707507,1
71,1473.91658253836,950.6472300541964,51.018014525005306,5
72,1402.2069282005668,1686.486339740685,26.220864869084807,5
73,1223.45071444043,632.6766934609085,46.236887180054275,1
74,2455.8380870258707,1636.6315177101528,62.986708114040134,0
75,2478.8453325940886,1435.142831981305,73.80088036997533,0
76,2046.323637835935,617.6881582587453,46.59135319228996,6
77,2306.2052544728845,289.7442429363603,20.804060412367768,6
78,2117.7396494209775,1493.092062478443,55.30178944376558,0
79,2817.9229224687747,2773.2610719004497,67.5208482966998,4
80,627.2505214797098,592.9954662091765,53.93797412369521,1
81,1425.3297126853408,3099.809744768664,40.93778727725518,3
82,1160.4761277576813,1640.7811703343793,114.88622082219561,5
83,1609.741061308116,1993.7325748535475,27.455962141097636,3
84,1353.9034484379283,366.8555224587847,109.66975960992102,1
85,271.02056734577985,3008.3966800628614,73.65475654650518,2
86,1117.610121173824,364.67976656296605,35.07780038146504,1
87,1481.7512739414813,2901.5761992586813,59.5957833355682,3
88,2257.097211195426,303.5413015830483,105.64689696699189,6
89,108.2501154284395,463.04846269607583,60.594809525458885,1
90,2104.9573119828683,3012.2601040565087,23.827237870824323,3
91,718.595595868073,2728.934317992512,65.50811216693937,2
92,1882.7648828897804,2724.4517407794306,34.026767627343915,3
93,2685.320619908174,344.5933193175504,41.22004484564575,6
94,1356.9760362009595,2151.9014226725085,94.290171551964,3
95,3043.693118420469,2794.4612586752073,55.28662233852351,4
96,2252.517207657725,1137.7159233957282,21.263184179600046,0
97,1453.9985895679279,1686.1890447354244,54.83685650020835,5
98,1543.2754706491571,1219.897512983776,40.749868065490425,5
99,692.2678737008462,2905.618459359759,28.59753396632578,2
100,811.1437908174613,1308.059078838667,18.519233396362935,5
101,877.522674762811,2019.789475027564,52.2535764157809,2
102,539.0467071071465,2429.8801781255384,28.149499835188514,2
103,2016.0289119209228,3107.431697220298,37.382579759741944,3
104,1432.0093843081356,1346.1482239647153,51.314222116760234,5
105,1988.4208078826953,2668.1302438262906,22.560107195721827,3
106,1891.5753028215506,2454.1025347815935,33.11112162994393,3
107,2664.449224834905,2877.0795042882382,22.49610948016537,4
108,323.762391849902,866.5274126203844,73.73584017282144,5
109,742.2422043186831,564.4501093210439,71.79326182266877,1
110,1659.4338508429455,418.393990197319,99.30311016208738,1
111,879.814489492486,2936.1421762115306,53.13697631265862,2
112,332.28492218501117,1472.3043698017163,29.85334730051583,5
113,2633.0207090136037,3028.854532933475,26.14992224383411,4
114,1661.6262881246832,446.9245296577652,77.33192450521454,1
115,2665.7057788505913,179.04404286017004,40.84747366989998,6
116,1403.2826903984883,1496.0105306820876,31.370443919645858,5
117,1492.0534199970814,151.31330498930294,39.62711545721613,1
118,2646.9997634926694,3155.1988722541078,35.61634246071998,4
119,162.58656619669281,467.90715164035834,55.423937054549356,1
120,1349.5105933674663,945.6143522806366,67.97861536626456,5
121,2779.9975385867074,1864.6157964415447,14.90229495532075,4
122,1579.0681537907333,887.9189029000446,60.18161619695548,1
123,625.5245457775807,767.8103135638282,30.160873101600373,1
124,2671.5902389337034,1336.1775469911402,43.86105922201683,6
125,553.6431049826485,2938.3728160785777,92.87067191708023,2
126,431.530736052166,2303.005832850029,46.89794311555092,2
127,466.75889864321465,1512.1077929237133,55.98713596885602,5
128,1452.9870185761654,2965.8442663185915,81.0716140443344,3
129,1225.5893823472964,1579.09970172257,19.405226998366413,5
130,1571.7180922016532,2825.298362368927,41.930755003715646,3
131,62.46268461198239,1947.7894260257606,28.099996538399107,5
132,1924.7950786499512,3107.8867758213783,95.68977627463678,3
133,2861.7679026975825,872.5176520037963,49.90371184462599,6
134,1958.6807143022907,2390.1963178737064,36.860540356188686,3
135,2643.7994818262555,2180.889636646366,89.30102830639478,4
136,986.3524089658998,17.54077004330198,42.76942909999719,1
137,235.89436805454167,3120.4078640470384,43.65010901572452,2
138,882.559222330096,1459.2283514396613,131.27574722246786,5
139,352.37066480032973,30.201272312351076,74.17477398406079,1
140,2115.1955805553525,1361.9555075433639,30.116035242062928,0
141,1207.1288854971244,1320.5010446202027,70.39164963583231,5
142,975.720924180794,3120.363823001681,33.67872549065819,2
143,770.5116518358187,844.7307856565726,33.656663848291835,1
144,2869.568759525444,658.6196002501346,54.55117972237701,6
145,2319.3688756177426,1259.7176616313145,70.47560943262528,0
146,855.9424124965907,2798.418732332602,88.570156620908,2
147,1224.8451257703516,3144.5033715634154,47.016012173316724,3
148,2881.658580571944,3086.523555783293,55.551187276083986,4
149,951.9728211845191,347.8788050764402,58.99337267962268,1
150,207.53053073985487,3044.6114598065956,38.70983991173211,2
151,1140.1595377346223,2465.2138907940666,47.02717336378933,2
152,1872.135396090448,1483.0866572883656,40.04887338048328,0
153,2793.523592841334,543.3990759311441,43.82084598047994,6
154,3104.2320748828047,2309.84747611151,46.149671735451165,4
155,2290.7026036086722,2729.623152968846,50.8892602412033,4
156,1357.694675018276,2186.2520961027526,33.73747527144364,3
157,2975.353939944697,2172.932359732193,40.28617851435229,4
158,251.33990858829154,1369.563157557786,49.37841940724833,5
159,2455.419097184671,2597.9036418457185,59.29999141113223,4
160,2692.8824981772395,3118.4159937825366,34.83501642610713,4
161,103.29265665300123,692.4237070491611,28.010657634436377,1
162,2175.967389463917,1450.443647328375,35.79280574626529,0
163,976.1276864347498,971.3859077410191,16.826602396452085,1
164,1870.8889461094345,2891.6071115628124,46.22991127892157,3
165,961.6400237680235,1131.400593996074,17.33490070678935,5
166,764.6736363788937,2719.9118247192014,38.025467892646105,2
167,2328.4231137996253,1212.3074111418134,34.26136823344402,0
168,2503.077519723028,925.9419979568669,22.737030376700655,6
169,898.9251767820845,118.79120459811249,71.69916884024407,1
170,2776.5661315779503,1494.761339511771,24.24482765111441,4
171,182.6565421708583,1522.1151989763564,35.607832929618574,5
172,1070.0875219725542,1262.5603706919205,17.6902249439983,5
173,1213.809583130316,20.604654702174376,32.04106829774565,1
174,1248.8478573520433,1473.605291177531,69.81735391180686,5
175,420.09128295394703,299.0245579607237,38.32518421106149,1
176,1701.4173333266767,1557.988130650163,44.98392760174928,5
177,92.89492820384432,153.14909960729705,41.74510733241608,1
178,1055.1374155572053,1531.2783929888042,69.99976509338961,5
179,1647.8916630350623,1590.9317528457661,32.92532239407895,5
180,813.3673638932394,891.4668481104942,35.15374467456554,1
181,1486.2255136349354,199.88599707504346,42.44443747811965,1
182,3133.8316737003543,2617.555727420721,105.11021535530874,4
183,2230.46832039969,1820.1520660545673,46.186195764060486,0
184,72.90249688559184,11.316324743374972,42.80087630802032,1
185,1776.2319174043848,149.71412467742604,37.97010634435501,6
186,224.95334961776646,1466.5381230114801,24.009466092893106,5
187,1877.4096073491116,3018.2295958804348,69.36813024131807,3
188,2692.0058242093874,696.8456091225669,45.19754008879946,6
189,2020.218089944109,1300.3683449715634,53.49131313010091,0
190,1074.567376384633,1840.6615201131494,49.9757210364736,5
191,2102.878227718929,2411.0945339322157,33.473239330635415,3
192,2559.5399042127565,1405.108069331363,67.70849234542474,0
193,3134.3037013427834,2604.878034914285,29.753611460525764,4
194,1896.56168955098,3055.7313350456006,30.313640834436086,3
195,2313.427866100618,25.869189998659575,27.070627746748983,6
196,559.2075401389856,1035.766577392448,81.37719136232094,5
197,2676.088481505208,2357.8741060128154,51.40947718222199,4
198,2127.073133996896,1972.8396983975026,12.79146410349489,0
199,2987.3551088459844,1843.9187603466153,64.89561737882973,4
200,288.1664835071847,1750.5079552648695,25.416275367538933,5
201,616.0819604440156,1514.7386477825462,55.35834780447139,5
202,18.97973248280958,769.2371567405029,92.74259041749958,1
203,132.5455607482038,1028.5979641812628,25.180247077303342,5
204,2413.1361284330756,2897.393681211384,33.21353431605752,4
205,1281.3645684166095,1371.1273411250172,41.86269399258943,5
206,886.2016198470078,1021.6324899371024,21.392836059849305,5
207,1657.3876001293543,2571.017228555117,26.688088587386403,3
208,2735.555705932954,1973.2079846127715,31.302695588430563,4
209,1033.9561909404817,479.9795096904389,70.86550621528296,1
210,403.5641595576761,1762.3502563143384,116.53180756907729,5
211,3121.049434583706,1729.2445784292688,52.48646116398412,4
212,2343.703615168864,595.2717682033256,33.533845914872906,6
213,2394.881936631512,389.38033739290836,118.8400229105294,6
214,2840.248844114098,763.4754671445957,65.89198004887655,6
215,1150.6005733967825,2311.5826266007516,69.95697457604108,2
216,629.4104529181886,1701.402437347479,35.94375620144345,5
217,1871.3287634435192,512.1023119575675,61.38026776630341,6
218,4.201703008428139,1898.1523908367242,54.92910726232502,5
219,1113.1657945254362,1705.9654396492315,17.283771264111124,5
220,851.2725202322538,2190.283387663451,18.030317469489084,2
221,1857.2642975237525,3039.001495028773,29.24867324895288,3
222,2768.164340823116,1355.6601457647505,21.26625475485338,6
223,1713.4729348381607,7.102706697668234,64.33325664950108,6
224,481.6789275270293,3088.8337679811534,32.16851935305533,2
225,905.9415287588583,119.42819899292509,26.108859119713937,1
226,1210.3523337620004,504.7799898588645,74.12424459584109,1
227,1111.554347649484,2292.0832020366174,58.87791400172277,2
228,585.4628982345406,2414.127263516801,40.395719939966035,2
229,2661.920402633584,1774.936142338245,38.85410569564261,4
230,3091.139261650883,1989.7780739741354,86.01097136464965,4
231,3080.6675004888634,27.227885052254496,29.37015422033996,6
232,909.8975928745938,2898.977541045645,81.13820004470145,2
233,451.88778300185646,2680.7334240000846,50.400127504290715,2
234,1966.9799659152588,1125.7672715379172,27.12732593154686,0
235,2902.3894604036045,421.41310654670724,77.96678706279941,6
236,2257.538280326132,2233.261120456539,59.15091238326615,4
237,2229.576321856335,2931.9954317289166,32.94116152735199,4
238,2980.756901133459,1990.6006518334914,47.89562055880489,4
239,998.8575803150715,3100.0929624866753,76.38931267318037,2
240,1664.5448203398334,428.2917625353523,45.57422477671343,1
241,2649.459562636461,2958.1476707329666,56.31677380742604,4
242,2135.358329876776,1290.8100501788892,49.80432149617428,0
243,1284.5111948996139,2633.821930067108,44.82139053195061,3
244,2153.7844820443643,1302.4622516436707,31.28867781511296,0
245,2023.5495930636632,6.844650346004858,34.90875859239579,6
246,1869.6827861349525,956.6919118331136,42.222654684103574,0
247,2590.7566320132573,3020.9582521258585,32.35840796081468,4
248,235.78384061475822,2292.563236763589,34.27537818549793,2
249,739.6620160322789,1259.7916606908498,35.37942258920776,5
250,2151.2801507132745,980.9090580135033,37.88946698049614,0
251,1435.1269422506932,525.4717821162386,11.68491094469071,1
252,2793.7989963661416,1332.4232720152513,39.32298053219635,6
253,1565.0562282578414,1937.5753066685777,49.49180283551694,3
254,2393.3461312576515,854.4342728219409,39.928310344910706,6
255,756.2171374697382,339.82175097850217,87.99029524513493,1
256,279.6052453866741,2385.2697018155654,42.67029785723743,2
257,2857.182820548215,1365.3873105822174,90.87169181234007,6
258,3102.069283006279,2571.052946914515,68.46834442578673,4
259,2200.442718114445,2708.79083134599,37.909118441898904,3
260,127.07222419363035,204.28621311370551,21.58820171265491,1
261,2762.9734099652374,305.44591161827157,79.18447958403806,6
262,1140.406139386369,1721.8194601026473,46.65145154698261,5
263,1109.2462094296452,2545.390783572813,52.57984686874304,2
264,3155.050936575289,1497.5525448218466,48.75799471835101,4
265,840.3927502241265,110.38801953565957,145.50829790628353,1
266,1780.8784071765156,1143.1318012776533,45.49250102797009,0
267,294.17681632893664,2386.0628672691187,27.409902027950693,2
268,2921.43789554173,3096.8343046398763,34.38463534371545,4
269,332.8493955250959,935.4142036800051,41.56039949138763,5
270,1906.1640020791515,1293.471573824825,73.85397731134101,0
271,2689.1554760411836,2811.4528059901686,54.196903227522704,4
272,1304.436279615646,2733.278007166345,84.63035743329158,3
273,534.1483962698459,1531.8439630563792,36.07074067425201,5
274,1120.0185118844436,1142.2051091561057,36.538251519623905,5
275,2154.7660309464986,845.2523855862415,33.53702546188169,0
276,1294.7680094553334,502.6647304344883,47.03510547572992,1
277,783.4629969091372,2991.736995176184,36.223500282778204,2
278,717.7789768271311,503.40437983117613,107.94307305794563,1
279,2450.57093056845,2082.666898578453,84.19685727164914,4
280,1131.7306141391418,315.8004223197709,70.94682074653096,1
281,2927.575802171373,2954.669717356759,31.433609339352607,4
282,1687.8860434367282,1804.1104036523673,44.57234428820929,3
283,2817.8594820899903,2455.157129160387,13.297908931788825,4
284,63.60546411553434,1951.729130151754,40.69360078915043,5
285,750.7052861250346,2684.4501826047986,46.102356611632246,2
286,1500.1692707292077,222.44897165939904,28.96350251825309,1
287,748.0009973425553,1906.6599520858535,53.36568108921881,5
288,1724.6831662214647,1556.7352650530468,29.039527078173137,0
289,1144.3546280247976,534.208932505523,51.79873313467957,1
290,911.0355858038729,426.1409792160891,44.63471643466909,1
291,796.2991459633038,1150.597027316519,28.775168246155808,5
292,2714.3899708808062,534.037640998219,39.109788707977025,6
293,365.23686138886046,1403.74404927292,63.7803518735612,5
294,324.64552245103926,1141.1113004950346,56.20361753291088,5
295,2455.5006721163595,1795.429300250826,124.43450175450558,4
296,1223.1836329938926,1230.3694578664265,69.8794088720605,5
297,1291.1069314448232,1392.6815557546975,61.540012994957856,5
298,1994.4127460952168,49.831306532511185,22.21792396971199,6
299,700.3126070940799,1486.0658277594916,33.46798127071152,5
300,1678.8051659686412,1722.9844750230052,49.170853143766045,3
301,851.2256140422533,2224.8599212073154,44.87780347255765,2
302,2141.459289992199,2421.1062436228294,118.06565281833258,4
303,759.9177990701364,2343.0123524602,23.902962065745886,2
304,473.87853697243014,264.9700917621035,16.26839925167331,1
305,2313.9536034413964,547.331065143331,75.13406247798935,6
306,2131.450855558212,329.59118310853773,27.1499066746542,6
307,606.6603832725245,842.1564885056807,20.39069546027573,1
308,458.84207426319807,635.0923447712652,24.823839497634506,1
309,430.6028899531893,1199.5089663365977,47.27717484638087,5
310,2358.545113324877,1654.6158003723895,92.41921298873581,0
311,2975.5747579843287,1390.1520803912642,70.41149020429405,4
312,1927.9162937249587,1788.557035200706,28.72616583247283,0
313,2885.7709468152966,900.194752051609,40.005260209262886,6
314,2072.2022581377723,1756.040857770654,26.605147492046125,0
315,153.91629935130993,2310.4320934792354,86.93648676117714,2
316,2805.455697858666,1484.8401274153741,44.862459001962755,6
317,1427.9110170351948,2411.276242824168,42.67320805100693,3
318,1503.0328389924073,2080.8772266852875,28.536091466894895,3
319,2376.4514354492026,2315.529578465256,93.62852356261284,4
320,1796.3203350290987,2802.732547930914,51.117405146812544,3
321,2070.5871941123887,2002.9523570417728,98.68303944208544,0
322,2566.48625852662,2692.553719101844,32.57905457373489,4
323,2754.296676655024,1292.438810094306,71.95360700628049,6
324,107.6093219689638,1548.7165898439125,29.335131039426294,5
325,1615.107949733899,2493.492340437586,67.79177084494142,3
326,551.9457845382758,2705.913939812232,23.317922535938212,2
327,2552.6313288697197,1062.4980330633382,39.35306258404012,6
328,2454.1938699384536,65.52863698484485,28.036009531267347,6
329,667.4877273063477,2977.311421270253,75.44629564844307,2
330,1159.2923744676173,368.80571618168216,40.4814100813947,1
331,994.2690320036036,378.3686299333391,26.67146730468585,1
332,2833.903846454632,3108.6898572668547,19.05501689907646,4
333,2887.139605294128,2295.0892883270685,36.42904320767054,4
334,1440.9396273319085,1332.034513348708,46.81941953987662,5
335,142.56079025755278,2288.844770057549,22.289346104135753,2
336,2492.4144913334167,1569.533668240201,22.324753714160643,0
337,2157.673849213157,1052.4405690994276,59.841943378747274,0
338,2379.9423586797407,263.21060337110254,68.63877404244596,6
339,1849.3992146371927,2346.0508260918295,71.47843150072023,3
340,1235.5580746615587,594.0012495046466,28.986896648358062,1
341,358.898944999143,2178.0015828382757,98.04786891341425,2
342,2146.5421117285387,1002.0295661481942,34.28521889927184,0
343,644.1800282464943,1028.2219979147792,45.20574495064935,5
344,335.95764178671544,1718.4301772230049,23.930975819763677,5
345,1360.9147212702342,2030.3956504968855,47.567652039905916,3
346,2498.197216590224,2532.0536908906734,41.25135291268856,4
347,2667.3715810047033,1277.341404979726,29.312822955812425,6
348,2134.936269564276,2446.0727277492974,35.14891605835309,4
349,3057.113829728198,2185.0929068368882,34.320123779385405,4
350,2778.2114146679965,2809.348736857277,45.0474372183243,4
351,1827.4508270407225,1358.3275503128323,8.087149839598927,0
352,3123.5975130272586,237.16433564107044,67.45094374215601,6
353,1423.6878166711165,1655.2882592706687,39.330226777051415,5
354,2557.862753040295,2399.9319493523594,52.439735146945814,4
355,2524.2629732158857,2533.28081353679,78.40077071075878,4
356,2195.4523048845667,1978.4652710732917,41.703625460259396,0
357,1346.3868270943178,1838.0331175447054,47.588305596941154,5
358,2739.8399200368435,311.6593588563045,198.0145538651053,6
359,851.4005243200708,1021.4922617691971,57.371455915308495,5
360,1633.0562556308591,2670.0796982899556,142.33824204711627,3
361,1772.900667764637,2840.5124618730906,84.07088487077738,3
362,185.26793955742426,1488.7186948174767,51.83250292872286,5
363,161.96211586753108,2661.694378244573,49.9321374515741,2
364,1407.4159007415353,1559.353180023034,60.95790142346687,5
365,398.5859792449245,442.4417260735955,39.96397840365836,1
366,902.588853907155,1870.1289087645594,62.06331991153867,5
367,1978.651581110256,581.9970211782397,71.25158698300982,6
368,1292.6505422530952,1366.7226521486693,58.03488123523728,5
369,282.2887724437205,1497.2077941152281,58.85620227290166,5
370,1418.4542144375412,749.3294631282006,71.84413450013405,1
371,2172.114022721208,1643.5576042965995,62.196565159985816,0
372,1503.4914978488325,3037.9668930020393,45.74195967189456,3
373,623.585491491577,822.2044597523757,51.0899537974707,1
374,538.5787421752997,2063.256153959863,27.25595621549504,2
375,3109.681287330712,2479.2833572688137,52.461570156287195,4
376,2423.004962030354,2424.6555276583344,92.42682142964834,4
377,1250.720766733177,953.4929636987601,22.74290217417552,5
378,1697.4074117719676,805.6461614644184,31.590634390998886,1
379,1972.6076294976099,1297.5467373348524,89.89881448264671,0
380,1820.2636080981822,736.5810420048062,35.990250466181266,1
381,1886.765892717284,1658.075825183021,97.84817263645104,0
382,3090.768920854852,162.10626172042726,47.22703302239926,6
383,2731.276507595997,625.2003786287703,109.65249728283237,6
384,1006.1428371809293,2872.2829220184185,66.6781431410333,2
385,3035.9868902447506,812.4054944705554,78.22396080065569,6
386,2599.9023353470056,2352.0107885036687,73.65419886481625,4
387,795.0333030398572,1500.4202116486083,50.513777004633546,5
388,1680.5134894805346,496.265667953434,34.56899436541423,1
389,2905.349789566886,1746.558161892519,102.74728592865166,4
390,596.4604421124742,2778.973740831939,62.27687166483607,2
391,1579.368730261932,2853.347838115826,34.19857297811977,3
392,1909.6113263147495,2633.047336320072,30.466067159204876,3
393,2471.9094275814678,2107.312904407214,28.092564582772173,4
394,2167.4623732417335,1403.765743847497,33.28328638851354,0
395,1009.565478516526,1357.4120737770495,35.522238897902824,5
396,3034.60830837166,2742.65940314871,52.116537465479155,4
397,1420.164067782411,702.309888491715,44.25066156315786,1
398,2992.0699222636144,319.0235536354088,29.35312672324469,6
399,2630.8347399014697,1078.5236257212534,46.00168540342193,6
400,231.7699606280477,2197.258476886315,39.185888409467815,2
401,166.5628777898918,371.18950662500856,28.348746190543725,1
402,877.0595359414399,2801.4567601096646,42.71336702814684,2
403,2487.1684998688456,2536.9696088157757,43.66660468917555,4
404,1705.9463105211896,125.27212415761072,65.00039551165716,6
405,3068.8365643363236,942.881523894391,55.79309391641876,6
406,840.6039870046493,2992.040755366287,75.2479309422058,2
407,2384.040602530335,2603.508851374289,16.685161831183486,4
408,2167.6089814854877,2502.6225561152914,36.17661431702031,4
409,148.69598655417724,1289.300568810513,21.765623034577306,5
410,558.1082802431928,3134.757954841428,60.265766074685956,2
411,1696.8553679681809,804.0022947321055,23.474115710339078,1
412,891.9045280614455,2653.1254663345453,55.66846228947871,2
413,2057.428243446364,2867.613552423866,33.7176699506058,3
414,226.79417733703286,1390.4959005610915,82.81587759424661,5
415,1955.3302663608595,970.7380598189892,61.75741158051131,0
416,1072.4705503354883,1877.6714479564707,56.30465809585637,5
417,2885.2934579749867,1151.3263228755739,44.676542743355526,6
418,1288.732099328348,1683.3543965742285,37.15052576993638,5
419,2813.4607847358393,1248.9626005173172,46.409090038157515,6
420,1909.962214325592,2539.7860732473882,61.19981096482022,3
421,2026.7408685835953,3024.746185588035,40.58769808947127,3
422,1469.5494330246772,2079.331334032066,39.87869647594366,3
423,1790.929342894524,1072.780931733293,78.27789047838331,0
424,2799.6861702539777,187.68892571861682,49.11399400631586,6
425,1503.0532900111086,161.34431193222505,44.122601291028374,1
426,1495.5870776876195,2631.1765098804044,50.59685941989494,3
427,2884.7145790501236,399.92197717980724,56.91276002977915,6
428,1351.4523801517637,646.4742950384286,27.09957226198564,1
429,895.1294233164274,2422.4664598765075,30.91944400702264,2
430,739.5184516509948,682.7198206311166,29.872986036667815,1
431,1606.9934146655528,794.2814656443976,38.175393871381594,1
432,2792.3942194119345,291.06369870255054,30.09907367218384,6
433,1943.1006255037253,97.02785991272783,34.827870321719466,6
434,3072.9165468378847,1830.6260698826763,37.37888802463846,4
435,357.31593731771625,2538.6851684488893,43.99179822886732,2
436,2912.2710628898953,1263.3017601990985,34.8132143339461,6
437,2124.7741236504644,1384.2439966749346,106.84774632958668,0
438,2346.4051265656312,1895.2780367095324,70.65885807349085,0
439,2722.576669282329,940.7873052732682,44.67241893690599,6
440,1768.9824526011755,2258.1228608336187,23.826676425344893,3
441,331.15914076342847,2307.8541551380167,84.60285631135793,2
442,904.4884824691185,1251.6839623797055,21.806828340707263,5
443,235.18902901572963,1395.3876681471504,48.37573246399043,5
444,246.75679463218304,807.5233072346344,93.9773635969804,1
445,1269.3165505050174,1587.5796210499666,129.7996179271476,5
446,2021.281494165348,961.9162225656414,61.1052408026496,0
447,2795.473204800211,115.1870219863488,28.79238406825114,6
448,785.8292177671312,2833.4989929319095,28.073263030495035,2
449,885.3745593367056,3047.284043521101,34.514448226376004,2
450,462.84278401427053,607.1364709819272,44.30707502923399,1
451,1050.6099650897554,1123.5797708288467,96.11213535736758,5
452,1829.2568508949487,2606.6539255172015,25.903882885706892,3
453,1526.5862796214615,535.7659247928041,30.89809176809553,1
454,1677.7351940141848,2331.629864861557,34.92854328763302,3
455,1384.8159089569328,2370.1039722341197,43.11225528859426,3
456,3146.122468707233,3147.604925521544,31.915132307796668,4
457,2892.6939208242547,571.5412058815338,65.07878751439301,6
458,3031.553780368727,975.9562645404977,87.19471772778562,6
459,2147.4644924662603,498.4242253541227,29.957388256675927,6
460,3147.6481819221626,1263.9582019662444,33.3858309259429,4
461,1580.4734212524106,2061.719436055851,99.94190452713406,3
462,2207.4383447152036,154.5049630205974,41.87732260913312,6
463,1937.4551335696694,356.7649592375425,41.511620751377215,6
464,382.90756147014457,128.7576667168715,41.78021042732698,1
465,773.0262684210635,2600.2019894502573,42.90359358998219,2
466,348.5706101467224,57.01612226083787,55.39253541341781,1
467,2327.5424452861357,704.5052331196795,42.91571862949619,6
468,225.30381564840005,1577.7125528726299,43.76943879110457,5
469,1280.1853375448854,1351.8396611972018,61.52259040928217,5
470,580.8844601424173,134.92421056172063,22.320958345157848,1
471,2535.8934602783243,164.11587832751565,30.256079346340258,6
472,1391.033089297953,1039.4081930300435,45.311256254986446,5
473,135.2328173595892,2353.5964987561274,22.117385802587915,2
474,619.4238142708978,3045.710463575419,65.90499036068911,2
475,1510.8029511277007,333.9296042967691,65.92621531520419,1
476,364.3881770763946,3021.7897570965047,45.01520911148338,2
477,2612.7723783178653,513.0023437324652,29.81654993198303,6
478,2777.5408276110993,2660.943758022179,35.6632671762273,4
479,401.65668844814314,1177.097982518162,53.538514215009336,5
480,2517.15979510629,1457.128870540671,39.7379201261091,0
481,32.369787169425884,2116.213293005174,22.27963563304072,2
482,3046.6662218777637,1566.8312503871418,36.58153458011421,4
483,3149.802080311071,474.9025051533041,32.91719338440658,6
484,2059.754928754305,2496.170681621735,60.63066863597348,3
485,270.90483670289933,178.53584643104665,34.95091161826397,1
486,416.06211255641966,1117.6011014368,30.364746267949517,5
487,146.12475430783536,1796.3529531590764,30.253589174562123,5
488,1729.203058286136,1803.2828844885753,26.39797336539383,3
489,520.0142543496298,1207.5399774674017,85.6628717216111,5
490,513.6938434330598,597.6993380571049,33.43617414428513,1
491,2442.9809047302797,3023.142956014052,46.030044305934545,4
492,1429.3348057724181,1970.1511466066117,39.17625415395026,3
493,2253.4598906012757,308.24067038325194,59.74254003966825,6
494,864.4703850345701,159.77884918162147,65.85425322136052,1
495,2503.8096510542955,1885.5126566712918,65.41350235664419,4
496,287.1462613401518,829.9739132266118,29.261938323270165,1
497,356.7717154200752,2567.0759593765715,41.05540024499892,2
498,3026.1885694953367,157.94157312516748,53.00112882163025,6
499,2555.345514038911,519.2449439467509,22.567067164762175,6
500,3149.45520902591,2978.61466576618,40.28013422151979,4
501,1874.1854512993884,785.1126039348529,22.080720467662793,0
502,720.3198664327509,2613.542046068021,41.11451723133599,2
503,170.2740800462158,473.58164678843,50.13331755790673,1
504,336.9772115013251,2951.956496859767,60.582478741245716,2
505,2394.3902691270373,1596.2072382019549,37.42682128835283,0
506,385.7173803068141,2324.8152969657945,49.51441934458362,2
507,1572.2677455264795,2928.743992702477,41.55115599633105,3
508,1553.9782021743633,2545.4958566112223,54.107063153233966,3
509,1994.5557682120304,3.6022215133109174,67.80075543401087,6
510,7.432696760492683,2089.670378592246,34.49034154744299,2
511,3071.725318641674,2518.472718359758,20.337013200906654,4
512,682.5876007662212,2611.8176417446884,47.42668034163882,2
513,51.00934489720198,2130.1685662446503,37.703320495717996,2
514,1153.0376150261072,2041.3000419222192,35.491154004407875,5
515,1584.8290723927448,2140.9265640714834,39.45364408765918,3
516,2576.691991726735,1567.9581503407287,66.31487761365321,0
517,1879.0855325412886,1246.8295573705498,36.53773904095256,0
518,1878.9372031188827,3017.1001271093146,109.83129961088045,3
519,620.94880987256,888.9205093735013,54.918920252568384,5
520,718.6130537953002,1677.1909142747809,60.89396720479432,5
521,3099.2601126326094,381.0019049654324,86.53261970912551,6
522,1169.1743453234005,1399.339612134586,36.06659593987414,5
523,1833.0222995293143,2204.9645747830323,61.328081955964564,3
524,2937.0679142947242,776.3568518787723,99.02104348446913,6
525,2099.9493216518877,1578.993046661427,57.80410012912485,0
526,148.66294214856504,1762.0462744323058,37.139996673323616,5
527,2658.3095220988876,2998.0726244152943,59.264276932493715,4
528,370.1840313435029,305.6936652623881,44.77188259193731,1
529,3142.5031539895676,2278.456026866316,61.04038971698063,4
530,3032.120314960461,2547.103500760972,28.13146183239057,4
531,2765.3405288554795,2565.357539365285,74.0852968233028,4
532,1680.5311507304411,2920.401034746198,79.31577374773046,3
533,2613.799596681808,1034.561473162393,37.58918499378591,6
534,3045.8789802706406,1368.0382647198662,24.217744199820437,4
535,818.5792321966156,1749.7424619513188,26.18817272381902,5
536,2510.264068716578,2620.781385380327,77.96888266659384,4
537,1570.507851585001,985.8999017999301,23.03745373946885,1
538,263.6832818589067,232.66369228897358,71.39750205832824,1
539,496.27316044777655,1173.4578684971693,63.91174005273753,5
540,2694.9445067731613,2419.4449043669997,54.50760507813219,4
541,1061.1809620603162,1578.2638196588152,42.53663243743406,5
542,1707.5435926412977,1406.0584599070637,49.37940210171787,0
543,2302.0796357898685,2876.56714441166,73.02372796107886,4
544,2628.818880726452,2933.2997931345544,44.79089244565971,4
545,309.0316602736912,1160.3620527315306,11.739258214702899,5
546,284.5033549353372,607.2022088805131,88.76179137893288,1
547,732.6294640432593,1971.2820614917448,63.76669110800198,5
548,2619.4652052778833,1486.7724238971398,29.60348961935203,0
549,1609.972407350898,299.4286797324821,37.946391871765606,1
550,179.3908953426139,646.1079188507399,34.41324363204928,1
551,2315.0550142244165,1640.337228519745,65.88930813153033,0
552,379.2997933988878,79.09881800911629,25.875936120565374,1
553,636.2425512241643,1495.0829981749794,66.44365579772351,5
554,1134.985242299938,2468.80202038232,82.67071825501164,2
555,3120.0033054545825,2288.402614338015,28.16563452763121,4
556,550.7758219067164,515.7686341940524,19.40024221716239,1
557,2538.882113195656,2037.9734699378093,29.166703791156205,4
558,2198.8535428115583,1591.9611591183054,15.418389327802958,0
559,1520.4281560327022,849.4952124967771,38.24507139233333,5
560,867.665846730291,1575.6973486780578,18.710947028882746,5
561,285.59714582317264,53.2851839973933,58.3068634609296,1
562,2952.681874852974,2916.5477958259826,121.5661939766439,4
563,2193.3167565154736,3019.6378061119995,61.89893705718791,3
564,1929.3322971099005,1247.2869131641496,81.10729681330135,0
565,1612.6531559776968,1204.0195352937656,52.43533550214575,5
566,1172.4554667947632,517.2392207430453,37.629944535821735,1
567,316.15792352208877,879.5865646774494,50.38594183168162,1
568,1007.0410348574466,877.9041065990682,21.427613589848836,1
569,2774.736894938358,1778.2635063875452,94.57459735897255,4
570,1069.0897460815188,1519.9589413707192,25.52267622395109,5
571,1106.7369731050637,1062.5430203101187,54.89334596218694,5
572,1798.646474396987,2994.7227658534284,61.329316154910636,3
573,436.87909422934746,1207.70203614643,38.832601418809894,5
574,748.1104172037992,3090.8128454116554,24.95200260685693,2
575,1042.433096032867,3071.214385199114,59.95093979348211,2
576,2560.374530453722,1133.5262965087363,35.43001191762372,6
577,1831.1801166721814,2928.635733846065,52.62618144319572,3
578,1253.878261412805,2057.4077655294063,28.95335392999907,3
579,970.1160545468597,1119.7352769819386,35.71803049989757,5
580,1285.3164950884434,2871.7794188846456,30.394067366606286,3
581,843.2347519220181,2442.645319066099,47.06376308187411,2
582,831.5589056675997,2144.0430028451187,23.36072161765737,2
583,2064.2084300449465,3073.983692395659,37.683718868351704,3
584,3091.8968872331097,1882.8121837827675,29.35629774145351,4
585,549.1653401657877,691.5172268865169,68.65886709484428,1
586,2191.5563207410532,1575.5464727324995,77.09298247035912,0
587,1559.6953665473281,194.35142093668028,30.78717765097004,1
588,1314.8182015649945,254.40860286160023,24.69107123675024,1
589,1540.2514402441727,2945.5860829570806,19.09365842195635,3
590,1812.342111297956,1559.1978219435484,22.6440305445938,0
591,2974.9974182791834,2583.0914153638314,73.76221618201868,4
592,3014.1503157738225,140.76231171629388,36.12463460884252,6
593,1887.672800915225,156.62798247110413,35.38879916088917,6
594,2622.449122321549,981.3440343751975,32.796877136829416,6
595,77.21724822237715,2162.048996834561,31.158176373942595,2
596,2038.0337699628506,153.03986096937322,75.14910989605556,6
597,1686.0482521972842,2458.086917164557,38.58202844979204,3
598,2088.698883990853,820.3434064949888,41.13545560489068,0
599,1089.5034370740905,866.7570146364839,46.59082963200474,1
600,1762.6863056540788,2983.3528776081084,50.14902043789144,3
601,1424.3967476045054,2151.00583789297,28.423893782225466,3
602,2608.8573800834097,1214.9411772896103,19.77803695272535,6
603,1363.0626939022093,914.0998710785295,25.3829823833424,5
604,27.20268011803068,1811.043193927654,39.97931634181407,5
605,3102.0079693063467,1456.742464344205,96.37152116446336,4
606,2406.212565890956,223.580934295241,62.684864365960394,6
607,668.8478189432985,313.4968604700165,23.88598574252445,1
608,2882.6978845079007,892.7359929352351,25.53354220173605,6
609,216.49729271129783,375.30593823677,70.90043667763072,1
610,2559.7728590827955,1257.7248637981113,46.92710555561465,6
611,872.2900647503083,3049.5605716380114,49.5568975464615,2
612,2169.475886227807,1781.2014051420713,72.42604087806258,0
613,937.4107290137015,1757.1868170824152,61.61790357362756,5
614,1627.2973446517763,3053.8297054006593,27.10444761456007,3
615,1387.8162742803465,1388.1684557050808,53.00128481363047,5
616,284.4838563872605,3080.728850073209,30.343260614079103,2
617,576.6953254727376,446.7596063821089,53.617423909619866,1
618,1660.5225089380313,847.2883150239096,39.444891296197454,1
619,3039.3595405013684,2787.003699694739,47.576311622360116,4
620,1525.0560859587165,484.33436197338517,72.76332981064694,1
621,921.3247476250698,1990.6185544325524,38.71999432683795,5
622,2524.5061939025086,2337.226117781289,38.37571429937593,4
623,2993.8858270765877,910.4364306860349,34.2303852101157,6
624,515.3985227521605,1572.1625242759085,45.32036225334261,5
625,672.9706462706289,812.003910623537,30.686324697730882,1
626,421.5883015649241,647.7291070409641,191.48349873162937,1
627,2468.2119962192446,2000.2675175317909,52.80316354717394,4
628,1900.0333773483844,3077.711353120151,38.72046662954464,3
629,2920.9686520001337,1840.7918519286495,38.51885127586865,4
630,3117.794998820427,650.3924231690659,39.968328960567355,6
631,429.6183881952051,2169.8831547058967,25.647713607761244,2
632,233.32770026366347,2887.2347068382323,16.33378464999266,2
633,756.0621749386385,501.38198242544917,85.39280192515982,1
634,988.318604622142,2719.0639413691233,29.884677027034154,2
635,1347.1282901668503,2699.241838792626,24.316881231871506,3
636,0.01595365405251164,853.5051043006629,33.08990632640185,5
637,656.0745815724127,942.6635629414765,23.852542821724242,5
638,778.7565419974582,1685.8478724826853,28.651588255913524,5
639,410.5488615577096,1533.6219610537305,42.166658457719784,5
640,2221.6147298246715,1256.5487412989648,33.2971784605189,0
641,2253.6538743865194,2260.1397689340374,139.68985502462093,4
642,2438.5237191837055,1656.9440986606974,25.31794825495087,0
643,2382.842291207551,1622.8584766676586,54.952945957875706,0
644,2999.880105293082,613.3282604287944,30.508642979778042,6
645,551.4212868061234,2993.647135652067,30.589448956481668,2
646,3153.8905661262716,1852.9610900463001,39.317945252155106,4
647,1189.4846879734803,3064.8707085648084,84.80462723577138,3
648,1482.1060283691543,824.3955109182133,27.873486055495626,1
649,2619.1818834862397,1952.7559536163528,21.925864364465184,4
650,1976.242516294323,2874.4968899730993,65.58480762166104,3
651,1258.1394911714428,1027.0453056155884,52.732533981252686,5
652,2690.2209823513126,1189.135443073189,57.59892460602878,6
653,302.9239305721759,2783.7626103873054,64.8203073299507,2
654,2088.0805180975244,769.4979240178598,26.09263154457671,6
655,1550.2387428635284,1157.903793289661,39.72979565888428,5
656,371.05802658695256,2486.9102503182216,14.448134417513756,2
657,403.17717424007816,2653.992124684278,62.07693291283238,2
658,1817.9732366161375,2968.142047493523,29.222854277903462,3
659,2387.36966245603,1438.0738372379833,60.69299553310553,0
660,1992.8334219658607,117.58006636328072,42.88521988843819,6
661,2523.0519908485876,883.982492989981,24.414080250658422,6
662,1560.2357694704551,2044.044567550866,21.24875853727375,3
663,1347.9280518048872,353.04687002382644,22.42434021845708,1
664,1816.4676233153555,1110.582978361641,37.3159471584366,0
665,1540.3614527201748,2322.7748894063297,45.93244072415451,3
666,480.1794175669365,472.09808578685147,37.35913573359428,1
667,2959.3294946226792,552.7247714107734,82.27102251334253,6
668,1055.5984695000489,754.553258195998,75.581402588648,1
669,2844.174804655343,349.67576644491487,95.03800909723577,6
670,1952.0582136906382,640.1563854083474,32.79249494322841,6
671,1046.0704955577644,1309.4284556248178,23.968730037657306,5
672,2812.873074508661,770.0353623343636,96.14532067820375,6
673,2222.4752798825234,359.7979701151866,63.895466380718005,6
674,1146.805259620141,806.7062380803973,33.109053996153214,1
675,2706.0485708320502,2539.034125222119,49.81966517236047,4
676,1789.7832787244508,789.5296948288319,47.50256240235547,0
677,696.8808068556644,681.3355985283937,35.08979577388986,1
678,98.41511227545983,1653.173896056011,43.118872956221814,5
679,422.8409061855602,1971.9450593593258,39.45750848912531,2
680,2049.014067865966,2098.5414843151607,35.85281365597585,3
681,251.8260729264835,1766.0320145519727,91.58175564977329,5
682,588.6542270650451,2077.0599079852373,36.62412561738153,2
683,1242.6051669840751,2866.3429600364475,67.53939431699489,3
684,1606.0824990309643,395.6221802762156,29.126257023887714,1
685,258.63540992475816,1591.2139460676306,22.72771850945502,5
686,928.5271714404821,1416.688761065398,37.385998277047065,5
687,2363.0478971248517,2611.983315213124,18.07932480796002,4
688,41.04487884177846,420.51578069731113,49.53697859072477,1
689,1128.8090949217294,801.4764569606155,36.261287874753215,1
690,708.4664683194716,832.6591836321879,34.49965006192742,1
691,2609.3561108614,1603.598203539552,36.525062727730095,0
692,1403.089808815101,1582.069479541929,55.64419279873576,5
693,1315.8185529159605,2703.1212023698745,26.976936345425898,3
694,174.32314817769782,531.6370839392245,89.27587679996249,1
695,2021.581001497423,2713.88425796908,92.48572412731737,3
696,573.478079699567,117.2317499885916,56.78106046781228,1
697,594.4609542338758,2120.028210339907,31.080076781548016,2
698,1133.3859541334689,2329.8523149137823,30.943429505039468,2
699,2326.7601184348323,1000.2664975797878,95.0516383880245,6
700,3021.271012607281,2083.608290777257,24.6666796394427,4
701,280.53142378315295,1998.7733861690385,29.194547656354978,2
702,1105.324955860174,2649.747418365363,33.855353090902064,2
703,727.5262260003715,219.0678850852701,48.46656777497495,1
704,1300.4121717009723,192.38554506878359,74.13761118389114,1
705,1804.5625171723075,1974.5770621333613,119.55471984902684,3
706,451.52962453747335,2200.922640489017,15.862254644491458,2
707,2942.5408392688346,2957.4411233981214,72.57604080279482,4
708,743.1460090299057,167.4294387242712,69.5576194111208,1
709,334.2981001860727,977.1518165620691,63.50341997047633,5
710,3018.4800264498335,2824.6522373289904,28.1132658879613,4
711,1383.2494206339109,1277.6739245538217,21.340548329532,5
712,1330.7966709585314,2873.6510049011945,66.40951172822935,3
713,3130.274226563984,1229.0359143718729,22.768144554717892,4
714,805.7457073534306,3071.1399443153746,33.26530729425073,2
715,1589.5907320877957,586.9153726195691,23.516687624087737,1
716,2597.1592198987214,1585.7725487406924,66.93514311217969,4
717,2702.2557291023777,1053.865076064041,35.194774709665744,6
718,2860.945514084903,1848.3643023559048,99.08842679319756,4
719,516.609472514539,1468.4304528372381,17.760391708460908,5
720,1505.7476020137528,1811.9255150645286,32.061514574764,5
721,382.8748838035177,1092.5572239094524,30.58061369315571,5
722,361.46726223370314,1040.7922469843159,48.13596551995645,5
723,2589.1111578056543,89.99200773218335,86.56526548073317,6
724,1297.5395518101093,699.7133052522114,76.04371908978199,1
725,2841.4915398124303,307.8875097122633,36.18871409713436,6
726,156.5086326084446,756.123663511784,25.147916650448188,1
727,1544.4148113586687,2081.638357179983,62.88014009523199,3
728,3136.839172707192,1760.2804681258756,23.485315679674486,4
729,515.5804991403857,735.1089511232811,32.26480945212445,1
730,42.91691133230829,2292.394689920475,54.78801936392904,2
731,1561.2926855805047,624.140306396834,119.84306922266536,1
732,403.2431888190318,339.5800324704169,89.56850260251639,1
733,2466.4490171645893,2693.0485044242396,36.02483207555318,4
734,637.3082174477956,1815.2569021316285,60.5071679707254,5
735,2927.9383744730153,3075.819280741477,40.20892128246381,4
736,758.4359440647099,2309.0998388454095,60.15660543268973,2
737,1323.883040716478,2693.8620597168174,71.55529007704948,3
738,2629.3390620379146,1452.8616131037115,170.29287815102455,0
739,1262.6179423937178,783.9854725487548,28.93622436059227,1
740,1341.8960105965205,1207.63381828998,58.667112698844946,5
741,2744.7756932282687,2973.8517544212195,84.12266244312843,4
742,558.7408983917541,1176.639303634285,40.603766136181875,5
743,2368.5897610179227,53.58499846106245,62.99956539629379,6
744,435.36651843928956,1204.4614825454764,71.45604187771659,5
745,794.4551461265665,1768.3823530905727,43.16676820334555,5
746,2717.9527354446586,1241.5625418102202,53.60059768724866,6
747,2181.7623162261284,3080.5290016808144,31.664120210254076,3
748,2174.811119869431,1988.0475078363888,36.79057930228893,0
749,2056.7272852824503,2117.256663999099,60.047671214519546,3
750,1147.2945630998531,2406.6574214733846,52.994790639779744,2
751,3114.0561057589107,2350.4206622679767,38.132705652855485,4
752,1113.692934018345,2227.845164854959,25.370091916841613,2
753,2079.4884174295144,2068.0751711836256,42.41428914940236,3
754,1453.8918833040138,1227.0819845957026,18.197520014728482,5
755,1882.162060746142,2853.117456567148,20.65042901627094,3
756,1581.8083470922631,477.86016088049104,82.76048090706382,1
757,3036.8129662538945,2034.2510949830107,69.92041711689114,4
758,2942.4499833141945,377.8295694936444,58.03298179227816,6
759,231.4142489747138,2829.781258390828,29.273437851171785,2
760,1890.5719591925435,2702.2842419930707,37.333320883090245,3
761,2725.357280216398,158.2178607463908,53.918731808294616,6
762,297.6107012189387,1588.1770987861503,48.640497546937446,5
763,1208.5781019913525,2970.7097724368414,81.59420991765107,2
764,2460.440783964192,2252.6685919280862,47.951155801800006,4
765,114.48955749854825,1514.0335936030933,44.06476518774548,5
766,2792.317523501404,381.1625051313283,33.74109970067204,6
767,848.3041917608224,2051.24433185979,23.359940055477637,5
768,679.101305510723,1811.976428829896,43.813210853000065,5
769,314.23884026193315,3101.413899333681,14.425026454487123,2
770,1036.8629981189983,154.5920834680081,59.630312209699895,1
771,1078.327054892814,1990.2012020843274,55.679920476543806,5
772,1234.7154066930036,1216.3266879068317,59.147544143785865,5
773,2267.2612845021436,582.5816866624203,54.5508859232972,6
774,2325.788528775789,715.8927911496708,75.93838529293046,6
775,77.6881732806904,2517.443294591245,53.197299183398265,2
776,2861.8178424143284,844.4319621849694,29.503210720821734,6
777,2603.5826428333135,2190.3974186084465,38.56741902020496,4
778,550.914569484837,2855.4224050419134,64.41904981523976,2
779,2434.9239362297935,2272.395177363978,69.83950493562031,4
780,36.65748067254695,3117.322098113266,75.2277358353315,2
781,1830.6698557795635,303.7180602061853,27.55551261018959,6
782,1078.153315262103,381.82389932209765,57.46310382683817,1
783,766.9859733360945,2877.6321718733957,71.67147110322378,2
784,1507.3620294241036,2281.9094178520722,30.819878648907597,3
785,1907.0575051258074,276.17312363337277,55.94392248440968,6
786,1804.2524094116077,2467.9731281931004,46.72351558462801,3
787,1749.7846125704823,1414.8287417035317,78.27181742396277,0
788,1426.0852317074352,1270.4052942134558,71.96835345127751,5
789,2518.3747163998637,1904.7076399421435,60.75002087127308,4
790,2635.119037824051,3081.8743743664418,41.260277682812315,4
791,2476.1387305322205,1928.7975911032831,64.74087535226123,4
792,2226.6104334451456,1455.3695584441853,49.0150671272854,0
793,1160.416687105637,506.8336283900959,22.067472027348828,1
794,29.70616606011647,3028.4670681115786,46.869164083244186,2
795,2522.9405930668527,2451.213767280526,56.626129536323305,4
796,2384.953504307761,345.47029141236584,67.63916998965193,6
797,2615.6325896013877,1272.6393529192408,30.94504413276176,6
798,108.74025512888694,2058.5657827654773,27.725758877709715,2
799,1368.1712903867133,294.35030311354626,21.348516194476737,1
800,41.285114148190665,2291.0922200634873,46.030667129135324,2
801,555.7449772660304,231.57139267105168,69.82205291327895,1
802,592.5261913972172,2090.950279694088,118.73811648160597,2
803,238.97567282813193,2333.4887701808757,40.6712594454419,2
804,886.5400504366369,765.5755199129254,48.77405453539234,1
805,2808.2200353562334,645.8924357365759,36.9104892104966,6
806,868.1890760954451,1972.4089340131204,41.63146279777311,5
807,2558.59543548211,1111.2041327151614,31.26160451331731,6
808,684.4119393856625,3049.3745627900394,47.59790678311737,2
809,558.0753096961754,476.85898444260454,99.7901590504868,1
810,2551.21237939755,2156.153527547812,45.859137497667334,4
811,2325.7148930287995,3042.5543503953268,49.463004797924036,4
812,2777.2025902232,20.467000045186175,23.733692541794223,6
813,1238.4473702186876,2318.238936137716,102.11109440409061,2
814,1200.5064450834861,2734.2651672771876,29.131397229345684,3
815,1427.1442540199887,370.5075186463234,39.198009937682215,1
816,1113.843751682071,1727.3537327722975,85.89573766361895,5
817,415.0687447831577,913.1886200952766,13.116772824916323,5
818,3144.7977972417143,2931.0804191945795,69.14902901716269,4
819,1114.974279847289,1617.5274099480553,54.236474959103646,5
820,1402.3070843770647,867.90788792811,27.68361399925825,5
821,601.492251430263,955.7309313666891,24.211653984630416,5
822,1390.8419509841042,834.6359828532949,59.586614493007644,5
823,2428.7957606819878,73.35230715654633,94.75251612991121,6
824,2804.972404684516,2461.9463654904052,38.4991318187773,4
825,2524.403998395736,831.5185684913154,30.153158249769067,6
826,526.3627276672812,2368.4485126481704,28.221239048008705,2
827,673.4837837254931,2751.946214264162,75.91604147507994,2
828,606.7235225456343,2165.607566297762,59.15382891501099,2
829,667.9016554837783,1020.1891587627675,37.84745781645043,5
830,2634.6952961885777,1396.9050292881482,82.98420274478764,6
831,2632.0643680176277,344.60262689259633,41.81083239782611,6
832,2765.215679663712,1280.9211019929949,42.71290659736429,6
833,2219.6605346586025,2600.2276354422365,85.99199064439927,4
834,213.98887348990507,355.35950712605194,37.172590532067815,1
835,2543.7934583585707,2243.6026905704884,46.63175425829386,4
836,1215.8352461114528,1066.9403232499135,74.04252560984808,5
837,209.58416199177051,958.5185991505695,47.38834543618342,5
838,3025.6582575145185,864.0349962794987,62.836193107333266,6
839,2541.0624159842723,2979.865531543402,49.51224306494915,4
840,2189.096174441023,274.87689805710716,23.332297849233267,6
841,2118.544007572006,2054.621134281564,36.83178623148382,0
842,1567.4427831131984,131.00202576625142,37.08652726272414,1
843,3009.5352880606065,898.4626575273109,67.34306531936552,6
844,3049.008523483576,762.9227717415833,21.1728417800736,6
845,202.1796127336253,181.7281878373085,64.52515477432213,1
846,1206.5187443497339,1116.4334042135338,26.677523517016784,5
847,1080.1999230163042,196.88676488245392,53.348518033658664,1
848,3034.1650461598833,1908.1173454344278,32.655712644212905,4
849,997.1129724442391,397.94078712339547,43.00310452622863,1
850,3106.890421991833,2029.87419786216,25.228655260041947,4
851,1219.2262680797962,3065.3030696096457,58.87468060897954,3
852,2218.6099848551785,1691.50906385517,49.41541976291146,0
853,2892.1765532756663,2048.654964797162,66.40427614525515,4
854,2680.693688389162,739.0508084637987,37.53433421624867,6
855,536.5702547907829,2412.2402360632823,43.127785793389336,2
856,2215.479830163963,2518.079003878173,49.090325541502914,4
857,2015.0195785391252,1943.2852051416673,71.75850701897708,0
858,30.734589588575847,1805.1658243962117,81.9430688640483,2
859,2187.2750272294397,2001.050135054689,23.511597841379068,0
860,976.0438335405051,73.38845394566688,40.76724171074144,1
861,2060.8922344157772,2346.0769373100147,100.44980980069896,3
862,2716.257470566306,1710.512286725603,35.968065339513494,4
863,2254.967121268797,210.57413379103954,97.34727205982551,6
864,1852.2980841953126,597.5582551023181,24.47375151131647,6
865,653.6300206688678,2915.4439469796353,50.104106127277575,2
866,451.0351832981964,1099.8772717284783,85.33167211911169,5
867,3003.9008395480564,2237.4013462413996,77.99048709326469,4
868,2767.53753987083,2506.713274664825,42.20691962559865,4
869,2917.651679240082,2808.740064153534,24.340346695748092,4
870,2078.3005874080777,3044.5791302906646,92.38693857900752,3
871,645.0083071338505,490.57873840911947,81.04348747792338,1
872,659.679643109786,1901.7258434131952,23.00919892319245,5
873,2816.0112136475655,2386.0832818073786,59.47542629603931,4
874,353.93219360650727,1913.58945214483,19.93263644859133,5
875,79.21538686412678,2975.7216642944104,85.17250792547902,2
876,796.3707941894871,66.75800519463218,85.01056808136187,1
877,558.5124929625937,2381.4972026158694,33.670071381145554,2
878,2238.054783733156,2380.010583908471,52.72263500846898,4
879,3116.124554756251,2733.0200464837462,210.87342896801005,4
880,2830.593919384931,2256.5034054032776,78.78623313202839,4
881,3014.6783233940128,632.7615119584484,99.9623169002609,6
882,288.3288609645947,662.4375113808597,26.131173337253397,1
883,1588.5973939616472,1431.7829475087685,57.56967166800054,5
884,838.708916747143,636.0182664895375,37.286981372716305,1
885,215.26932913243053,759.3802998110976,15.9443230340249,1
886,2445.8654883546747,1801.118868729047,53.60352368316079,4
887,1528.1683074000862,3122.9438927115384,44.71356148196917,3
888,1177.152456575491,2785.6635680609043,77.02327774131759,3
889,552.9258688272279,741.6502500824402,40.83140635304922,1
890,1116.319969667848,421.95444352723695,14.126714674253815,1
891,856.7036615204373,2469.734108405962,49.84509594794542,2
892,1409.9452274574255,1348.1383628737212,59.78364089219913,5
893,510.28566879134854,1352.0704358197504,99.90203162674088,5
894,1363.2461437498778,1408.0091932830537,36.76528353921785,5
895,1858.0376170354737,241.46779691330445,89.36281616772074,6
896,1410.1928607100654,2572.979096000595,32.68550467667373,3
897,808.9787991567092,2863.8707456785614,35.1740429490704,2
898,3044.4677020839476,2335.2913468829393,48.5022948451851,4
899,2848.8582680054137,1893.3128975656402,16.340265765755934,4
900,2208.034274920692,1553.0631655958107,13.41468342355028,0
901,709.3595862643994,366.04391818828043,23.87439209860187,1
902,2446.446437916867,1283.8411415263488,25.94905625776524,0
903,391.9385268805104,389.8483737309974,54.02125575210543,1
904,2832.424112307705,1347.0892413845806,31.55870825187119,6
905,3071.570765638574,1630.5071692430554,48.70741137577447,4
906,2993.9811323916506,2476.7841789316485,39.39486288576343,4
907,3047.1910275712626,1407.642686046232,32.26998104935381,4
908,1964.4641449823678,2575.721644451806,18.958732207840285,3
909,1833.193566650488,318.6701237706159,27.801593163987366,6
910,1427.3725180169029,449.29184328195015,39.4052500612573,1
911,1957.2101865175605,534.7080498355787,43.754463726413874,6
912,2181.609553687252,2346.345035272764,23.541015457087106,4
913,1477.6114987373064,380.50301834040204,17.061094276937446,1
914,2063.8927297072255,3023.2050579390475,36.229819121444976,3
915,2987.1045954052697,325.8876720279084,40.16887337513485,6
916,1949.3491953942996,8.607792086151349,51.985188774282285,6
917,3021.820334429576,832.8210413837479,40.004106890515075,6
918,1871.4099719263154,1198.1728068020843,27.629029301821205,0
919,41.8183884678288,1644.45715184789,26.36584857780644,5
920,2530.5950706972276,312.1076911531238,67.63539179727945,6
921,1265.3773663291074,209.8010586674048,67.31441182769,1
922,2860.5950587253546,62.97414918113897,24.369817480080336,6
923,392.6878663645384,2896.544329629033,32.777471269839566,2
924,2388.037896692881,1900.5670851574932,32.54826085926736,4
925,145.0921461096888,736.3835153115332,23.10712301900631,1
926,1938.3672595997432,2378.571033315544,138.48076460316054,3
927,580.1464024137639,1470.8664554412985,53.394295578034004,5
928,2908.8982338779,1022.0147678218485,69.17774253109732,6
929,168.50740432032586,1107.078976134753,42.4358032354912,5
930,1716.353826226933,2696.5025097838056,37.32973587568973,3
931,2059.9995230876552,1164.4882390435873,31.512622977711406,0
932,417.4698789158711,80.13128737239462,29.844367212535893,1
933,654.0614076205734,1478.3388366878196,37.71877460154664,5
934,1247.4407755874715,1926.5197694193266,46.71285826454956,5
935,1446.3264286633466,1322.1901478740417,41.10146984562874,5
936,1308.0164769907904,2309.900432042295,33.431937382861655,3
937,941.884622225621,712.6988790348538,89.89811370260087,1
938,2238.1309046329384,1985.0533241924068,28.83885576101319,0
939,1297.0289620734054,420.75034159465224,25.91436882309474,1
940,1103.9574671812745,2551.557551507316,46.942380880570994,2
941,1629.433781116707,2321.344780405241,47.50000448239712,3
942,1454.8531994082564,2087.1621991510683,20.860935180248543,3
943,553.6595441489382,1170.9728360950778,57.62747112922351,5
944,1171.3059770475984,672.2741022345175,15.216947219187707,1
945,2515.9413801426144,311.2746800013908,37.62535392618219,6
946,1242.0186885786218,1984.1304890882197,55.93848791355628,3
947,1964.1533786609054,2176.9832011870226,17.596577230806634,3
948,1779.281422139917,1934.5148546089013,44.21564779451074,0
949,1480.8759564957677,1310.1995911681565,122.04226255147967,5
950,251.32624774810733,709.7332022189732,30.32636438414786,1
951,1964.366729447484,2198.3584587101573,35.79199916816447,3
952,539.4066473067221,975.3107989861605,18.813527782990196,5
953,2086.710529730572,1458.1527627681735,27.214484102978478,0
954,1867.8896662409882,512.8488380582792,34.34147888193474,6
955,2663.0674042398923,2208.089137826003,98.30945222787646,4
956,1616.5857925071005,118.71480221281762,28.641612601874616,1
957,2378.429188751098,2684.1572435358216,27.425916658359945,4
958,2232.722789429676,1530.3358440572008,46.94945948034806,0
959,1677.0126485410935,2697.879385405276,39.5488218538083,3
960,180.92471770875113,2155.7066626983265,84.62846646841457,2
961,1431.336198375455,1368.2238574270161,47.8632231681775,5
962,3142.6913378496597,241.62881057875026,44.940393868881095,6
963,936.5589296313948,1169.6464415227215,56.45427100250621,5
964,2205.890903500719,1178.2878680599342,44.88310153803722,0
965,2571.112032988786,1301.951842670433,33.66643832350766,6
966,1303.0909700078219,1329.4105202557012,41.50620939273514,5
967,511.42067003653386,2882.750031736742,24.323188204169487,2
968,2802.4855286833126,2310.981447572451,56.704920262026064,4
969,1636.9624029721124,1877.708678110777,41.3574191781311,3
970,1218.4078882629933,1125.2667751795705,101.1651611520872,5
971,990.1519347780984,50.01436426595458,74.9990367073315,1
972,365.72558739999624,1223.499455581831,56.776096551148555,5
973,586.2606444297392,2731.5299658139747,34.694255716616034,2
974,2756.4484617681537,2651.383204557481,28.260042718519127,4
975,299.73708571772573,436.3962348832353,33.60853809991861,1
976,2585.8434605818356,786.5358410333916,18.61845239631741,6
977,61.08838871063492,520.5289472312608,38.584559652505206,1
978,583.381707621283,2090.7123482993206,38.81673663237474,2
979,2863.316435242843,2052.354657732954,40.530226508147656,4
980,539.3657471886277,3159.9758273303523,19.59570226391742,2
981,517.6155586604926,245.149367772319,87.75623330264057,1
982,2327.907431246412,682.4139927915224,63.56234282715805,6
983,1970.0216437946872,1965.4475051595628,47.10001486611536,0
984,2585.8806348564576,3144.111389911759,29.66533782614039,4
985,2481.1581242551006,1905.5045836755378,37.37293497450534,4
986,438.35177782704324,401.1108879592326,56.85369491170143,1
987,863.71050320652,1065.932172894294,34.17395219464638,5
988,2110.573400401279,2191.6716013366477,20.131269177270514,3
989,1489.2727592475455,2151.5602540331647,33.16959380404961,3
990,808.2723860378727,1500.1237828262038,58.207307447008155,5
991,3013.5104848153096,2055.6659104891014,62.50191547096647,4
992,2282.8755582181197,1683.458629006918,50.28153636553369,0
993,2629.135733059181,1535.4450617217203,34.55055248646522,4
994,1406.411704992251,62.32182966857122,34.07911383920195,1
995,2564.5210815720975,381.5287719255658,40.52034221188034,6
996,1360.8139592979078,2873.3438049629385,31.670244102378778,3
997,1498.8301785150963,2237.7755884867574,77.05156998363964,3
998,1101.3845865952128,595.4347608480984,56.20114273921426,1
999,523.7704679845529,2996.8431936025568,67.93286386267499,2
